,Train/Samples/train_loss,_step,_runtime,_timestamp,Train/Samples/lr,Train/Samples/eval_loss
0,11.009062767028809,1600.0,29.226478338241577,1720322044.6191263,6.25e-06,
1,11.009058952331543,3200.0,33.73758673667908,1720322049.1302347,1.25e-05,
2,11.006884574890137,4800.0,38.25622773170471,1720322053.6488757,1.875e-05,
3,10.971548080444336,6400.0,42.78289175033569,1720322058.1755397,2.5e-05,
4,10.920138359069824,8000.0,47.29752516746521,1720322062.6901731,3.125e-05,
5,10.879469871520996,9600.0,51.797483921051025,1720322067.190132,3.75e-05,
6,10.820647239685059,11200.0,56.29026699066162,1720322071.682915,4.3750000000000006e-05,
7,10.748149871826172,12800.0,60.7841010093689,1720322076.176749,5e-05,
8,10.656111717224121,14400.0,65.28014397621155,1720322080.672792,5.625e-05,
9,10.554536819458008,16000.0,287.99194383621216,1720322303.3845918,6.25e-05,10.442962646484375
10,10.441688537597656,17600.0,292.526483297348,1720322307.9191313,6.875e-05,
11,10.321049690246582,19200.0,297.0507655143738,1720322312.4434135,7.5e-05,
12,10.190226554870605,20800.0,301.5864052772522,1720322316.9790533,8.125e-05,
13,10.058387756347656,22400.0,306.11836886405945,1720322321.5110168,8.750000000000001e-05,
14,9.921303749084473,24000.0,310.65197587013245,1720322326.0446239,9.375e-05,
15,9.782058715820312,25600.0,315.1860773563385,1720322330.5787253,0.0001,
16,9.63696575164795,27200.0,319.7187201976776,1720322335.1113682,0.00010625,
17,9.526518821716309,28800.0,324.24092054367065,1720322339.6335685,0.0001125,
18,9.407480239868164,30400.0,328.7544798851013,1720322344.1471279,0.00011875000000000001,
19,9.280646324157715,32000.0,550.6597867012024,1720322566.0524347,0.000125,9.186604499816895
20,9.173026084899902,33600.0,555.1780984401703,1720322570.5707464,0.00013125000000000002,
21,9.074615478515625,35200.0,559.6948003768921,1720322575.0874484,0.0001375,
22,8.985014915466309,36800.0,564.2136399745941,1720322579.606288,0.00014375000000000002,
23,8.90189266204834,38400.0,568.7360107898712,1720322584.1286588,0.00015,
24,8.839365005493164,40000.0,573.2576146125793,1720322588.6502626,0.00015625,
25,8.774459838867188,41600.0,577.7830085754395,1720322593.1756566,0.0001625,
26,8.756942749023438,43200.0,582.3096559047699,1720322597.702304,0.00016875,
27,8.645686149597168,44800.0,586.8381662368774,1720322602.2308142,0.00017500000000000003,
28,8.626029014587402,46400.0,591.3772673606873,1720322606.7699153,0.00018125,
29,8.57861614227295,48000.0,814.90607380867,1720322830.2987218,0.0001875,15.425682067871094
30,15.412225723266602,49600.0,819.4513027667999,1720322834.8439507,0.00019375,
31,8.519798278808594,51200.0,823.9680273532867,1720322839.3606753,0.0002,
32,8.495050430297852,52800.0,828.4892780780792,1720322843.881926,0.00020625000000000003,
33,8.491374015808105,54400.0,832.992095708847,1720322848.3847437,0.0002125,
34,8.470970153808594,56000.0,837.4963166713715,1720322852.8889647,0.00021875,
35,8.4899320602417,57600.0,841.9930653572083,1720322857.3857133,0.000225,
36,8.457592964172363,59200.0,846.5034794807434,1720322861.8961275,0.00023125,
37,8.495083808898926,60800.0,851.0180740356445,1720322866.410722,0.00023750000000000003,
38,8.457837104797363,62400.0,855.5299701690674,1720322870.9226182,0.00024375,
39,8.445655822753906,64000.0,1078.0937294960022,1720323093.4863775,0.00025,8.476669311523438
40,8.444485664367676,65600.0,1082.6357898712158,1720323098.0284379,0.00025624999999999997,
41,8.4556303024292,67200.0,1087.1739432811737,1720323102.5665913,0.00026250000000000004,
42,8.46568775177002,68800.0,1091.721751689911,1720323107.1143997,0.00026875,
43,8.478309631347656,70400.0,1096.2578513622284,1720323111.6504993,0.000275,
44,8.458251953125,72000.0,1100.792976140976,1720323116.1856241,0.00028125,
45,8.447941780090332,73600.0,1105.3313648700714,1720323120.7240129,0.00028750000000000005,
46,8.49153995513916,75200.0,1109.8663041591644,1720323125.2589521,0.00029375,
47,8.434550285339355,76800.0,1114.3951926231384,1720323129.7878406,0.0003,
48,8.457403182983398,78400.0,1118.9136807918549,1720323134.3063288,0.00030625000000000004,
49,8.454269409179688,80000.0,1341.6702573299408,1720323357.0629053,0.0003125,8.48247241973877
50,8.473896026611328,81600.0,1346.202932357788,1720323361.5955803,0.00031875,
51,8.441789627075195,83200.0,1350.736029624939,1720323366.1286776,0.000325,
52,8.42785930633545,84800.0,1355.2694523334503,1720323370.6621003,0.00033125,
53,8.441001892089844,86400.0,1359.8042097091675,1720323375.1968577,0.0003375,
54,8.467143058776855,88000.0,1364.3474037647247,1720323379.7400517,0.00034375,
55,8.4249906539917,89600.0,1368.888423204422,1720323384.2810712,0.00035000000000000005,
56,8.448765754699707,91200.0,1373.4313373565674,1720323388.8239853,0.00035625,
57,8.440607070922852,92800.0,1377.9695596694946,1720323393.3622077,0.0003625,
58,8.449663162231445,94400.0,1382.7261743545532,1720323398.1188223,0.00036875000000000005,
59,8.435101509094238,96000.0,1607.1427721977234,1720323622.5354202,0.000375,8.438692092895508
60,8.443259239196777,97600.0,1611.6754715442657,1720323627.0681195,0.00038125,
61,8.430171966552734,99200.0,1616.213939189911,1720323631.6065872,0.0003875,
62,8.43095874786377,100800.0,1620.7498030662537,1720323636.142451,0.00039375,
63,8.41303825378418,102400.0,1625.280949831009,1720323640.6735978,0.0004,
64,8.405295372009277,104000.0,1629.817488193512,1720323645.2101362,0.00040625,
65,8.383357048034668,105600.0,1634.3524267673492,1720323649.7450747,0.00041250000000000005,
66,8.360895156860352,107200.0,1638.8883183002472,1720323654.2809663,0.00041875,
67,8.350939750671387,108800.0,1643.433804512024,1720323658.8264525,0.000425,
68,8.292559623718262,110400.0,1647.974312543869,1720323663.3669605,0.00043125000000000005,
69,8.21906566619873,112000.0,1873.3881561756134,1720323888.7808042,0.0004375,8.232573509216309
70,8.201930046081543,113600.0,1877.9508650302887,1720323893.343513,0.00044375,
71,8.156266212463379,115200.0,1882.5108904838562,1720323897.9035385,0.00045,
72,8.116486549377441,116800.0,1887.0711822509766,1720323902.4638302,0.00045625,
73,8.143121719360352,118400.0,1891.6364963054657,1720323907.0291443,0.0004625,
74,8.100900650024414,120000.0,1896.2011115550995,1720323911.5937595,0.00046875,
75,8.086413383483887,121600.0,1900.7702343463898,1720323916.1628823,0.00047500000000000005,
76,8.109488487243652,123200.0,1905.3239595890045,1720323920.7166076,0.00048125,
77,8.086238861083984,124800.0,1909.8776862621307,1720323925.2703342,0.0004875,
78,8.095907211303711,126400.0,1914.434642791748,1720323929.8272908,0.00049375,
79,8.08800983428955,128000.0,2140.581596851349,1720324155.9742448,0.0005,8.09296989440918
80,8.06999683380127,129600.0,2145.1592979431152,1720324160.551946,0.00050625,
81,8.055330276489258,131200.0,2149.73393368721,1720324165.1265817,0.0005124999999999999,
82,8.11526870727539,132800.0,2154.312620162964,1720324169.7052681,0.00051875,
83,8.400707244873047,134400.0,2158.890727043152,1720324174.283375,0.0005250000000000001,
84,8.158352851867676,136000.0,2163.473908185959,1720324178.8665562,0.00053125,
85,8.218070030212402,137600.0,2168.0492873191833,1720324183.4419353,0.0005375,
86,8.062484741210938,139200.0,2172.6082532405853,1720324188.0009012,0.0005437500000000001,
87,8.00247859954834,140800.0,2177.1629819869995,1720324192.55563,0.00055,
88,7.9973015785217285,142400.0,2181.706629037857,1720324197.099277,0.00055625,
89,7.977714538574219,144000.0,2408.5578622817993,1720324423.9505103,0.0005625,7.994091987609863
90,7.984447002410889,145600.0,2413.1295783519745,1720324428.5222263,0.00056875,
91,7.981999397277832,147200.0,2417.6916613578796,1720324433.0843093,0.0005750000000000001,
92,7.9680094718933105,148800.0,2422.2605741024017,1720324437.653222,0.0005812500000000001,
93,7.934798717498779,150400.0,2426.836738586426,1720324442.2293866,0.0005875,
94,7.884400367736816,152000.0,2431.4028272628784,1720324446.7954752,0.00059375,
95,7.877013683319092,153600.0,2435.961438179016,1720324451.3540862,0.0006,
96,7.8722825050354,155200.0,2440.526276111603,1720324455.918924,0.00060625,
97,7.861233711242676,156800.0,2445.087060689926,1720324460.4797087,0.0006125000000000001,
98,7.841807842254639,158400.0,2449.6555540561676,1720324465.048202,0.00061875,
99,7.826851844787598,160000.0,2677.0057349205017,1720324692.398383,0.000625,7.803035736083984
100,7.800741672515869,161600.0,2681.581082344055,1720324696.9737303,0.00063125,
101,7.783204078674316,163200.0,2686.1520216464996,1720324701.5446696,0.0006375,
102,7.8708109855651855,164800.0,2690.743685245514,1720324706.1363332,0.00064375,
103,7.806254863739014,166400.0,2695.3156785964966,1720324710.7083266,0.00065,
104,7.83172607421875,168000.0,2699.8919060230255,1720324715.284554,0.00065625,
105,7.81134033203125,169600.0,2704.4554381370544,1720324719.848086,0.0006625,
106,7.766726970672607,171200.0,2709.011664867401,1720324724.4043128,0.0006687500000000001,
107,7.762246608734131,172800.0,2713.5576996803284,1720324728.9503477,0.000675,
108,7.757253170013428,174400.0,2718.0993394851685,1720324733.4919875,0.00068125,
109,7.7500529289245605,176000.0,2945.4245285987854,1720324960.8171766,0.0006875,7.7359538078308105
110,7.710891246795654,177600.0,2949.9930255413055,1720324965.3856735,0.00069375,
111,7.701877117156982,179200.0,2954.5580780506134,1720324969.950726,0.0007000000000000001,
112,7.709649562835693,180800.0,2959.123134613037,1720324974.5157826,0.0007062500000000001,
113,7.662635803222656,182400.0,2963.6831860542297,1720324979.075834,0.0007125,
114,7.679663181304932,184000.0,2968.2463986873627,1720324983.6390467,0.00071875,
115,7.654901027679443,185600.0,2972.8055427074432,1720324988.1981907,0.000725,
116,7.655941009521484,187200.0,2977.3734436035156,1720324992.7660916,0.00073125,
117,7.629965305328369,188800.0,2981.9393105506897,1720324997.3319585,0.0007375000000000001,
118,7.6275529861450195,190400.0,2986.5132315158844,1720325001.9058795,0.00074375,
119,7.611860752105713,192000.0,3214.371701478958,1720325229.7643495,0.00075,7.6320390701293945
120,7.597736358642578,193600.0,3218.947380542755,1720325234.3400285,0.00075625,
121,7.599099636077881,195200.0,3223.5286712646484,1720325238.9213192,0.0007625,
122,7.562136173248291,196800.0,3228.105111837387,1720325243.4977598,0.00076875,
123,7.564294338226318,198400.0,3232.6868104934692,1720325248.0794585,0.000775,
124,7.548308849334717,200000.0,3237.26544713974,1720325252.6580951,0.00078125,
125,7.499264717102051,201600.0,3241.837491750717,1720325257.2301397,0.0007875,
126,7.526992321014404,203200.0,3246.396330356598,1720325261.7889783,0.0007937500000000001,
127,7.466355323791504,204800.0,3250.9562335014343,1720325266.3488815,0.0008,
128,7.4733147621154785,206400.0,3255.506685733795,1720325270.8993337,0.00080625,
129,7.4682745933532715,208000.0,3483.3232955932617,1720325498.7159436,0.0008125,7.464795112609863
130,7.445985317230225,209600.0,3487.8901834487915,1720325503.2828314,0.0008187499999999999,
131,7.460873603820801,211200.0,3492.457626104355,1720325507.850274,0.0008250000000000001,
132,7.442852973937988,212800.0,3497.0223219394684,1720325512.41497,0.0008312500000000001,
133,7.386480808258057,214400.0,3501.598172903061,1720325516.990821,0.0008375,
134,7.391129970550537,216000.0,3506.1719856262207,1720325521.5646336,0.00084375,
135,7.384568691253662,217600.0,3510.7467708587646,1720325526.1394188,0.00085,
136,7.380978584289551,219200.0,3515.319600343704,1720325530.7122483,0.00085625,
137,7.343541622161865,220800.0,3519.8852422237396,1720325535.2778902,0.0008625000000000001,
138,7.338286876678467,222400.0,3524.445358276367,1720325539.8380063,0.0008687500000000001,
139,7.326053142547607,224000.0,3752.1585376262665,1720325767.5511856,0.000875,7.35143518447876
140,7.350842475891113,225600.0,3756.7309634685516,1720325772.1236115,0.00088125,
141,7.331998348236084,227200.0,3761.28431558609,1720325776.6769636,0.0008875,
142,7.344465732574463,228800.0,3765.8458139896393,1720325781.238462,0.00089375,
143,7.330513954162598,230400.0,3770.4082860946655,1720325785.800934,0.0009,
144,7.29766321182251,232000.0,3774.981998205185,1720325790.3746462,0.00090625,
145,7.2622880935668945,233600.0,3779.555941104889,1720325794.948589,0.0009125,
146,7.289851665496826,235200.0,3784.136085987091,1720325799.528734,0.0009187500000000001,
147,7.254878520965576,236800.0,3788.7149600982666,1720325804.107608,0.000925,
148,7.232593059539795,238400.0,3793.2958731651306,1720325808.6885211,0.00093125,
149,7.226998329162598,240000.0,4021.1067202091217,1720326036.4993682,0.0009375,7.292161464691162
150,7.209758758544922,241600.0,4025.6811423301697,1720326041.0737903,0.0009437499999999999,
151,7.217720031738281,243200.0,4030.2466735839844,1720326045.6393216,0.0009500000000000001,
152,7.206839084625244,244800.0,4034.8100690841675,1720326050.202717,0.0009562500000000001,
153,7.162789821624756,246400.0,4039.3645594120026,1720326054.7572074,0.0009625,
154,7.179723262786865,248000.0,4043.9125101566315,1720326059.3051581,0.00096875,
155,7.152012825012207,249600.0,4048.4605281352997,1720326063.853176,0.000975,
156,7.132716655731201,251200.0,4053.0098547935486,1720326068.4025028,0.0009812500000000001,
157,7.146920204162598,252800.0,4057.5533990859985,1720326072.946047,0.0009875,
158,7.212851047515869,254400.0,4062.0979931354523,1720326077.490641,0.00099375,
159,7.217534065246582,256000.0,4289.899651765823,1720326305.2922997,0.001,7.261898994445801
160,7.223460674285889,257600.0,4294.479576826096,1720326309.8722248,0.000999999759710354,
161,7.36004114151001,259200.0,4299.04958319664,1720326314.4422312,0.0009999990388416726,
162,7.208671569824219,260800.0,4303.619974851608,1720326319.0126228,0.0009999978373947255,
163,7.23064661026001,262400.0,4308.1989023685455,1720326323.5915504,0.000999996155370796,
164,7.230164527893066,264000.0,4312.774967908859,1720326328.167616,0.0009999939927716804,
165,7.169520854949951,265600.0,4317.349775791168,1720326332.7424238,0.0009999913495996884,
166,7.163168430328369,267200.0,4321.964275836945,1720326337.3569238,0.0009999882258576423,
167,7.129288673400879,268800.0,4326.54177904129,1720326341.934427,0.0009999846215488785,
168,7.139354705810547,270400.0,4331.119592666626,1720326346.5122406,0.0009999805366772462,
169,7.115310192108154,272000.0,4558.998216629028,1720326574.3908646,0.0009999759712471076,7.127449989318848
170,7.102965831756592,273600.0,4563.554778575897,1720326578.9474266,0.000999970925263339,
171,7.08892822265625,275200.0,4568.116961240768,1720326583.5096092,0.0009999653987313286,
172,7.0782151222229,276800.0,4572.670889377594,1720326588.0635374,0.0009999593916569787,
173,7.071305274963379,278400.0,4577.2345423698425,1720326592.6271904,0.0009999529040467046,
174,7.084552764892578,280000.0,4581.790751457214,1720326597.1833994,0.0009999459359074348,
175,7.07235050201416,281600.0,4586.363369226456,1720326601.7560172,0.000999938487246611,
176,7.0574631690979,283200.0,4590.930928230286,1720326606.3235762,0.000999930558072188,
177,7.0375566482543945,284800.0,4595.504348278046,1720326610.8969963,0.0009999221483926336,
178,7.0461249351501465,286400.0,4600.085087776184,1720326615.4777358,0.0009999132582169292,
179,7.020225524902344,288000.0,4828.234494924545,1720326843.627143,0.000999903887554569,7.067615509033203
180,7.0087127685546875,289600.0,4832.815522432327,1720326848.2081704,0.0009998940364155603,
181,6.989102363586426,291200.0,4837.376678943634,1720326852.769327,0.000999883704810424,
182,6.976114749908447,292800.0,4841.93621635437,1720326857.3288643,0.0009998728927501936,
183,6.970950603485107,294400.0,4846.483750581741,1720326861.8763986,0.0009998616002464156,
184,6.96980619430542,296000.0,4851.0322206020355,1720326866.4248686,0.0009998498273111503,
185,6.961495876312256,297600.0,4855.579969406128,1720326870.9726174,0.0009998375739569704,
186,6.941922664642334,299200.0,4860.1156322956085,1720326875.5082803,0.0009998248401969622,
187,6.944188117980957,300800.0,4864.667807102203,1720326880.060455,0.0009998116260447245,
188,6.902430057525635,302400.0,4869.210149049759,1720326884.602797,0.0009997979315143693,
189,6.909179210662842,304000.0,5097.2066967487335,1720327112.5993447,0.0009997837566205223,6.9478759765625
190,6.881020545959473,305600.0,5101.783470869064,1720327117.1761189,0.0009997691013783208,
191,6.878462314605713,307200.0,5106.352332830429,1720327121.7449808,0.0009997539658034168,
192,6.86532735824585,308800.0,5110.924793720245,1720327126.3174417,0.0009997383499119735,
193,6.900540828704834,310400.0,5115.488726139069,1720327130.8813741,0.0009997222537206688,
194,6.896320343017578,312000.0,5120.0566120147705,1720327135.44926,0.0009997056772466921,
195,6.83129358291626,313600.0,5124.608191251755,1720327140.0008392,0.0009996886205077466,
196,6.9111328125,315200.0,5129.1651294231415,1720327144.5577774,0.0009996710835220482,
197,6.866831302642822,316800.0,5133.7301869392395,1720327149.122835,0.0009996530663083252,
198,6.876384735107422,318400.0,5138.288098573685,1720327153.6807466,0.0009996345688858196,
199,6.909420967102051,320000.0,5366.336832046509,1720327381.72948,0.0009996155912742853,6.894627571105957
200,6.838235378265381,321600.0,5374.413929224014,1720327389.8065772,0.0009995961334939901,
201,6.828529357910156,323200.0,5378.981845378876,1720327394.3744934,0.0009995761955657136,
202,6.815838813781738,324800.0,5383.536143064499,1720327398.928791,0.0009995557775107486,
203,6.812652587890625,326400.0,5388.089839935303,1720327403.482488,0.0009995348793509007,
204,6.823788642883301,328000.0,5392.637485742569,1720327408.0301337,0.0009995135011084885,
205,6.760415077209473,329600.0,5397.186849594116,1720327412.5794976,0.0009994916428063426,
206,6.781980037689209,331200.0,5401.739207029343,1720327417.131855,0.0009994693044678067,
207,6.75534200668335,332800.0,5406.290380001068,1720327421.683028,0.0009994464861167371,
208,6.736087799072266,334400.0,5410.839851140976,1720327426.2324991,0.000999423187777503,
209,6.746982574462891,336000.0,5638.914167165756,1720327654.3068151,0.0009993994094749856,6.7915520668029785
210,6.737401008605957,337600.0,5643.484307765961,1720327658.8769557,0.0009993751512345794,
211,6.716258525848389,339200.0,5648.041900873184,1720327663.4345489,0.0009993504130821908,
212,6.765008449554443,340800.0,5652.6010138988495,1720327667.9936619,0.000999325195044239,
213,6.741561412811279,342400.0,5657.160403013229,1720327672.553051,0.0009992994971476559,
214,6.761380195617676,344000.0,5661.714826345444,1720327677.1074743,0.0009992733194198855,
215,6.741004943847656,345600.0,5666.269572257996,1720327681.6622202,0.0009992466618888847,
216,6.7003960609436035,347200.0,5670.821942329407,1720327686.2145903,0.0009992195245831221,
217,6.6875834465026855,348800.0,5675.373665094376,1720327690.766313,0.0009991919075315794,
218,6.690262794494629,350400.0,5679.921756029129,1720327695.314404,0.0009991638107637502,
219,6.682910442352295,352000.0,5908.061303138733,1720327923.4539511,0.0009991352343096407,6.712075710296631
220,6.634875774383545,353600.0,5912.630445957184,1720327928.023094,0.000999106178199769,
221,6.623652935028076,355200.0,5917.194412946701,1720327932.587061,0.0009990766424651657,
222,6.627446174621582,356800.0,5921.756004571915,1720327937.1486526,0.000999046627137374,
223,6.623027801513672,358400.0,5926.321137666702,1720327941.7137856,0.0009990161322484484,
224,6.624314308166504,360000.0,5930.891109228134,1720327946.2837572,0.0009989851578309564,
225,6.586184024810791,361600.0,5935.467125415802,1720327950.8597734,0.0009989537039179772,
226,6.572190761566162,363200.0,5940.047787189484,1720327955.4404352,0.0009989217705431018,
227,6.575631141662598,364800.0,5944.628075838089,1720327960.0207238,0.000998889357740434,
228,6.5834059715271,366400.0,5949.2075798511505,1720327964.6002278,0.0009988564655445888,
229,6.665110111236572,368000.0,6177.45640039444,1720328192.8490484,0.000998823093990694,6.667386531829834
230,6.534745693206787,369600.0,6182.026874780655,1720328197.4195228,0.0009987892431143884,
231,6.611313819885254,371200.0,6186.590477228165,1720328201.9831252,0.0009987549129518234,
232,6.5398149490356445,372800.0,6191.1491940021515,1720328206.541842,0.0009987201035396621,
233,6.550393104553223,374400.0,6195.708436965942,1720328211.101085,0.0009986848149150793,
234,6.515402317047119,376000.0,6200.271740198135,1720328215.6643882,0.0009986490471157617,
235,6.480255126953125,377600.0,6204.829957723618,1720328220.2226057,0.0009986128001799076,
236,6.508334636688232,379200.0,6209.399581670761,1720328224.7922297,0.000998576074146227,
237,6.477787017822266,380800.0,6213.963721990585,1720328229.35637,0.0009985388690539416,
238,6.475721836090088,382400.0,6218.533061265945,1720328233.9257092,0.0009985011849427848,
239,6.41821813583374,384000.0,6446.7798635959625,1720328462.1725116,0.0009984630218530014,6.533931255340576
240,6.435021877288818,385600.0,6451.370599746704,1720328466.7632477,0.000998424379825348,
241,6.4470977783203125,387200.0,6455.954218149185,1720328471.3468661,0.0009983852589010923,
242,6.408028602600098,388800.0,6460.541710138321,1720328475.9343581,0.0009983456591220138,
243,6.421510219573975,390400.0,6465.125404834747,1720328480.5180528,0.0009983055805304034,
244,6.4485368728637695,392000.0,6469.69952583313,1720328485.0921738,0.0009982650231690627,
245,6.459534645080566,393600.0,6474.270779371262,1720328489.6634274,0.0009982239870813057,
246,6.451691627502441,395200.0,6478.838314294815,1720328494.2309623,0.0009981824723109564,
247,6.414769172668457,396800.0,6483.3972709178925,1720328498.789919,0.0009981404789023512,
248,6.410678863525391,398400.0,6487.95384144783,1720328503.3464894,0.0009980980069003369,
249,6.377469062805176,400000.0,6715.811439037323,1720328731.204087,0.0009980550563502718,6.450958251953125
250,6.355588436126709,401600.0,6720.378700017929,1720328735.771348,0.0009980116272980245,
251,6.341742992401123,403200.0,6724.946927547455,1720328740.3395755,0.0009979677197899763,
252,6.337873935699463,404800.0,6729.516145706177,1720328744.9087937,0.0009979233338730175,
253,6.369415760040283,406400.0,6734.090891122818,1720328749.483539,0.0009978784695945507,
254,6.415893077850342,408000.0,6738.6639358997345,1720328754.056584,0.0009978331270024887,
255,6.346083164215088,409600.0,6743.247076749802,1720328758.6397247,0.0009977873061452552,
256,6.3195109367370605,411200.0,6747.8270852565765,1720328763.2197332,0.000997741007071785,
257,6.3215556144714355,412800.0,6752.413882255554,1720328767.8065302,0.000997694229831523,
258,6.320458889007568,414400.0,6756.999222993851,1720328772.391871,0.0009976469744744257,
259,6.276454448699951,416000.0,6985.118203163147,1720329000.5108511,0.0009975992410509592,6.385990619659424
260,6.2784037590026855,417600.0,6989.6982979774475,1720329005.090946,0.0009975510296121007,
261,6.24844217300415,419200.0,6994.282760620117,1720329009.6754086,0.0009975023402093379,
262,6.2742133140563965,420800.0,6998.866957187653,1720329014.2596052,0.0009974531728946688,
263,6.240104675292969,422400.0,7003.452568292618,1720329018.8452163,0.000997403527720602,
264,6.230818271636963,424000.0,7008.032032251358,1720329023.4246802,0.0009973534047401558,
265,6.2077717781066895,425600.0,7012.605809211731,1720329027.9984572,0.0009973028040068596,
266,6.221613883972168,427200.0,7017.175981044769,1720329032.568629,0.0009972517255747526,
267,6.197243690490723,428800.0,7021.739093780518,1720329037.1317418,0.0009972001694983842,
268,6.202014446258545,430400.0,7026.301787614822,1720329041.6944356,0.000997148135832814,
269,6.189516544342041,432000.0,7254.53937625885,1720329269.9320242,0.0009970956246336113,6.291627407073975
270,6.208377838134766,433600.0,7259.123549699783,1720329274.5161977,0.000997042635956856,
271,6.186753749847412,435200.0,7263.692691087723,1720329279.085339,0.0009969891698591372,
272,6.168461799621582,436800.0,7268.252690792084,1720329283.6453388,0.0009969352263975544,
273,6.140602111816406,438400.0,7272.843436002731,1720329288.236084,0.000996880805629717,
274,6.237137317657471,440000.0,7277.397435903549,1720329292.790084,0.0009968259076137433,
275,6.267623424530029,441600.0,7281.946158885956,1720329297.3388069,0.0009967705324082623,
276,6.211698055267334,443200.0,7286.498200893402,1720329301.8908489,0.000996714680072412,
277,6.21405029296875,444800.0,7291.049137353897,1720329306.4417853,0.0009966583506658402,
278,6.1634650230407715,446400.0,7295.6010711193085,1720329310.993719,0.000996601544248704,
279,6.193308353424072,448000.0,7523.717002868652,1720329539.1096509,0.0009965442608816702,6.262017250061035
280,6.171939849853516,449600.0,7528.304269075394,1720329543.696917,0.0009964865006259148,
281,6.115097999572754,451200.0,7532.890258073807,1720329548.282906,0.0009964282635431228,
282,6.115634441375732,452800.0,7537.482443332672,1720329552.8750913,0.0009963695496954892,
283,6.124571800231934,454400.0,7542.072171926498,1720329557.46482,0.0009963103591457173,
284,6.123661041259766,456000.0,7546.654939651489,1720329562.0475876,0.00099625069195702,
285,6.090794563293457,457600.0,7551.239566326141,1720329566.6322143,0.0009961905481931193,
286,6.064024925231934,459200.0,7555.814302921295,1720329571.206951,0.0009961299279182456,
287,6.062444686889648,460800.0,7560.385065793991,1720329575.7777138,0.0009960688311971388,
288,6.059349536895752,462400.0,7564.952892541885,1720329580.3455405,0.0009960072580950472,
289,6.006099224090576,464000.0,7793.248550891876,1720329808.6411989,0.0009959452086777286,6.152303218841553
290,5.998662948608398,465600.0,7797.830092191696,1720329813.2227402,0.0009958826830114482,
291,6.018028736114502,467200.0,7802.4076681137085,1720329817.800316,0.000995819681162981,
292,5.996470928192139,468800.0,7806.986834287643,1720329822.3794823,0.0009957562031996097,
293,6.03091287612915,470400.0,7811.56577372551,1720329826.9584217,0.0009956922491891262,
294,6.022092819213867,472000.0,7816.148132562637,1720329831.5407805,0.0009956278191998302,
295,6.043128967285156,473600.0,7820.728908061981,1720329836.121556,0.0009955629133005302,
296,5.983591079711914,475200.0,7825.305589914322,1720329840.698238,0.0009954975315605427,
297,6.039453506469727,476800.0,7829.890720129013,1720329845.283368,0.0009954316740496921,
298,5.981574058532715,478400.0,7834.469385147095,1720329849.8620331,0.0009953653408383114,
299,6.018067359924316,480000.0,8062.737300395966,1720330078.1299484,0.0009952985319972411,6.126368045806885
300,6.0279130935668945,481600.0,8067.312969684601,1720330082.7056177,0.0009952312475978305,
301,5.96633243560791,483200.0,8071.887982845306,1720330087.2806308,0.000995163487711936,
302,5.927156925201416,484800.0,8076.467967033386,1720330091.860615,0.000995095252411922,
303,5.978286266326904,486400.0,8081.050030469894,1720330096.4426785,0.0009950265417706609,
304,5.915772914886475,488000.0,8085.629415988922,1720330101.022064,0.000994957355861532,
305,5.931476593017578,489600.0,8090.212016105652,1720330105.604664,0.000994887694758423,
306,5.904056549072266,491200.0,8094.795131921768,1720330110.18778,0.0009948175585357288,
307,5.926864147186279,492800.0,8099.370947122574,1720330114.763595,0.0009947469472683516,
308,5.88569974899292,494400.0,8103.948204278946,1720330119.3408523,0.0009946758610317008,
309,5.853002071380615,496000.0,8332.274896144867,1720330347.6675441,0.0009946042999016934,5.997714519500732
310,5.825923442840576,497600.0,8336.843829870224,1720330352.2364779,0.0009945322639547535,
311,5.811818599700928,499200.0,8341.415005922318,1720330356.807654,0.000994459753267812,
312,5.877469539642334,500800.0,8345.984572649002,1720330361.3772206,0.000994386767918307,
313,5.8208231925964355,502400.0,8350.55282497406,1720330365.945473,0.0009943133079841834,
314,5.813802242279053,504000.0,8355.118541240692,1720330370.5111892,0.0009942393735438934,
315,5.800569534301758,505600.0,8359.68415093422,1720330375.076799,0.0009941649646763953,
316,5.833055019378662,507200.0,8364.249047756195,1720330379.6416957,0.0009940900814611542,
317,5.899260997772217,508800.0,8368.822225570679,1720330384.2148736,0.0009940147239781423,
318,5.774408340454102,510400.0,8373.4007666111,1720330388.7934146,0.0009939388923078376,
319,5.864675045013428,512000.0,8601.607018947601,1720330616.999667,0.000993862586531225,5.922118663787842
320,5.790436267852783,513600.0,8606.182986497879,1720330621.5756345,0.0009937858067297957,
321,5.782086372375488,515200.0,8610.7575070858,1720330626.150155,0.0009937085529855465,
322,5.748630523681641,516800.0,8615.33009648323,1720330630.7227445,0.0009936308253809813,
323,5.7651166915893555,518400.0,8619.91044831276,1720330635.3030963,0.0009935526239991095,
324,5.748321056365967,520000.0,8624.48753786087,1720330639.8801858,0.0009934739489234467,
325,5.749122619628906,521600.0,8629.063031673431,1720330644.4556797,0.0009933948002380137,
326,5.724088191986084,523200.0,8633.631107330322,1720330649.0237553,0.0009933151780273384,
327,5.719844341278076,524800.0,8638.20044517517,1720330653.5930932,0.0009932350823764532,
328,5.705615520477295,526400.0,8642.765424489975,1720330658.1580725,0.0009931545133708968,
329,5.696044921875,528000.0,8871.22749042511,1720330886.6201384,0.000993073471096713,5.847487926483154
330,5.6964545249938965,529600.0,8875.824120044708,1720330891.216768,0.0009929919556404512,
331,5.667853832244873,531200.0,8880.411336898804,1720330895.8039849,0.0009929099670891663,
332,5.6836395263671875,532800.0,8885.001342058182,1720330900.39399,0.0009928275055304183,
333,5.691574573516846,534400.0,8889.589953422546,1720330904.9826014,0.0009927445710522724,
334,5.665109634399414,536000.0,8894.172901630402,1720330909.5655496,0.0009926611637432984,
335,5.6523356437683105,537600.0,8898.756274223328,1720330914.1489222,0.000992577283692572,
336,5.641277313232422,539200.0,8903.337887763977,1720330918.7305357,0.000992492930989673,
337,5.673417091369629,540800.0,8907.923195123672,1720330923.315843,0.0009924081057246861,
338,5.705635070800781,542400.0,8912.497182130814,1720330927.88983,0.000992322807988201,
339,5.693543910980225,544000.0,9140.989748239517,1720331156.3823962,0.0009922370378713118,5.809249401092529
340,5.655709266662598,545600.0,9145.557659864426,1720331160.9503078,0.0009921507954656166,
341,5.599652290344238,547200.0,9150.123027086258,1720331165.515675,0.0009920640808632186,
342,5.570613861083984,548800.0,9154.691814422607,1720331170.0844624,0.0009919768941567253,
343,5.608710289001465,550400.0,9159.255910158157,1720331174.6485581,0.0009918892354392477,
344,5.559390544891357,552000.0,9163.821290254593,1720331179.2139382,0.0009918011048044013,
345,5.56417179107666,553600.0,9168.395355939865,1720331183.788004,0.0009917125023463057,
346,5.547521591186523,555200.0,9172.964920282364,1720331188.3575683,0.000991623428159584,
347,5.555721282958984,556800.0,9177.53861784935,1720331192.9312658,0.0009915338823393639,
348,5.550571441650391,558400.0,9182.11853146553,1720331197.5111794,0.0009914438649812755,
349,5.548028469085693,560000.0,9410.59845495224,1720331425.991103,0.0009913533761814538,5.7152934074401855
350,5.551276683807373,561600.0,9415.196115732193,1720331430.5887637,0.000991262416036536,
351,5.496135711669922,563200.0,9419.787888288498,1720331435.1805363,0.0009911709846436641,
352,5.510831356048584,564800.0,9424.370515823364,1720331439.7631638,0.0009910790821004822,
353,5.503839015960693,566400.0,9428.956992149353,1720331444.3496401,0.0009909867085051381,
354,5.497378826141357,568000.0,9433.538269996643,1720331448.930918,0.0009908938639562827,
355,5.478990077972412,569600.0,9438.11393737793,1720331453.5065854,0.0009908005485530693,
356,5.497603893280029,571200.0,9442.684686660767,1720331458.0773346,0.0009907067623951547,
357,5.52612829208374,572800.0,9447.242413043976,1720331462.635061,0.000990612505582698,
358,5.462419033050537,574400.0,9451.792114973068,1720331467.184763,0.0009905177782163616,
359,5.451453685760498,576000.0,9679.99122262001,1720331695.3838706,0.0009904225803973096,5.665892124176025
360,5.452894687652588,577600.0,9684.57935667038,1720331699.9720047,0.0009903269122272088,
361,5.467723846435547,579200.0,9689.163230657578,1720331704.5558786,0.0009902307738082288,
362,5.527824878692627,580800.0,9693.74438047409,1720331709.1370285,0.0009901341652430405,
363,5.507742404937744,582400.0,9698.33307671547,1720331713.7257247,0.000990037086634818,
364,5.516229152679443,584000.0,9702.918098688126,1720331718.3107467,0.0009899395380872365,
365,5.481902599334717,585600.0,9707.50215101242,1720331722.894799,0.000989841519704473,
366,5.472426891326904,587200.0,9712.08758854866,1720331727.4802365,0.0009897430315912073,
367,5.456233501434326,588800.0,9716.668561697006,1720331732.0612097,0.0009896440738526198,
368,5.4320807456970215,590400.0,9721.251912355423,1720331736.6445603,0.0009895446465943926,
369,5.414643287658691,592000.0,9949.35825419426,1720331964.7509022,0.0009894447499227098,5.607383728027344
370,5.389703750610352,593600.0,9953.935272932053,1720331969.327921,0.0009893443839442562,
371,5.4052886962890625,595200.0,9958.505806446075,1720331973.8984544,0.0009892435487662183,
372,5.355119228363037,596800.0,9963.080856084824,1720331978.473504,0.0009891422444962834,
373,5.408764362335205,598400.0,9967.650654315948,1720331983.0433023,0.0009890404712426396,
374,5.345627784729004,600000.0,9972.21248793602,1720331987.605136,0.000988938229113976,
375,5.331968307495117,601600.0,9976.772579431534,1720331992.1652274,0.000988835518219483,
376,5.322560787200928,603200.0,9981.328840494156,1720331996.7214885,0.0009887323386688503,
377,5.327694892883301,604800.0,9985.882453918457,1720332001.275102,0.0009886286905722696,
378,5.372859477996826,606400.0,9990.443042516708,1720332005.8356905,0.0009885245740404321,
379,5.323467254638672,608000.0,10218.830450057983,1720332234.223098,0.0009884199891845294,5.541895866394043
380,5.311084270477295,609600.0,10223.413681983948,1720332238.80633,0.0009883149361162532,
381,5.275216579437256,611200.0,10228.015694856644,1720332243.4083428,0.0009882094149477956,
382,5.267089366912842,612800.0,10232.584661483765,1720332247.9773095,0.0009881034257918481,
383,5.264791011810303,614400.0,10237.155128479004,1720332252.5477765,0.0009879969687616025,
384,5.284142971038818,616000.0,10241.731160640717,1720332257.1238086,0.00098789004397075,
385,5.290493011474609,617600.0,10246.307683706284,1720332261.7003317,0.000987782651533481,
386,5.241004467010498,619200.0,10250.888856887817,1720332266.2815049,0.000987674791564486,
387,5.244085311889648,620800.0,10255.472292900085,1720332270.864941,0.0009875664641789544,
388,5.208888053894043,622400.0,10260.062554121017,1720332275.455202,0.0009874576694925748,
389,5.226326942443848,624000.0,10488.671125650406,1720332504.0637736,0.0009873484076215351,5.474938869476318
390,5.248280048370361,625600.0,10493.25459074974,1720332508.6472387,0.000987238678682522,
391,5.2265753746032715,627200.0,10497.829326868057,1720332513.2219748,0.0009871284827927204,
392,5.174493312835693,628800.0,10502.407339334488,1720332517.7999873,0.000987017820069815,
393,5.195682525634766,630400.0,10506.988715410233,1720332522.3813634,0.0009869066906319883,
394,5.154491424560547,632000.0,10511.568172454834,1720332526.9608204,0.0009867950945979215,
395,5.175787448883057,633600.0,10516.152881383896,1720332531.5455294,0.000986683032086794,
396,5.180359840393066,635200.0,10520.739316701889,1720332536.1319647,0.0009865705032182834,
397,5.19366455078125,636800.0,10525.326464176178,1720332540.7191122,0.000986457508112565,
398,5.201254367828369,638400.0,10529.912958145142,1720332545.3056061,0.0009863440468903134,
399,5.115104675292969,640000.0,10758.708060026169,1720332774.100708,0.0009862301196726987,5.387728214263916
400,5.121618270874023,641600.0,10766.782380342484,1720332782.1750283,0.0009861157265813906,
401,5.171926975250244,643200.0,10771.353281259537,1720332786.7459292,0.0009860008677385556,
402,5.1377034187316895,644800.0,10775.9178109169,1720332791.310459,0.0009858855432668576,
403,5.110076427459717,646400.0,10780.470493793488,1720332795.8631418,0.000985769753289458,
404,5.137636661529541,648000.0,10785.023852586746,1720332800.4165006,0.0009856534979300149,
405,5.085907459259033,649600.0,10789.574139595032,1720332804.9667876,0.0009855367773126838,
406,5.107491970062256,651200.0,10794.132224559784,1720332809.5248725,0.000985419591562117,
407,5.088508605957031,652800.0,10798.690004587173,1720332814.0826526,0.0009853019408034632,
408,5.095938205718994,654400.0,10803.252404689789,1720332818.6450527,0.0009851838251623685,
409,5.0904974937438965,656000.0,11031.49430847168,1720333046.8869565,0.0009850652447649744,5.36427640914917
410,5.082391738891602,657600.0,11036.074661016464,1720333051.467309,0.0009849461997379198,
411,5.045623779296875,659200.0,11040.652840852737,1720333056.0454888,0.0009848266902083391,
412,5.041315078735352,660800.0,11045.2319419384,1720333060.62459,0.000984706716303863,
413,5.02390193939209,662400.0,11049.815289735794,1720333065.2079377,0.0009845862781526179,
414,5.0323920249938965,664000.0,11054.401898622513,1720333069.7945466,0.0009844653758832266,
415,4.979741096496582,665600.0,11058.987313270569,1720333074.3799613,0.0009843440096248069,
416,4.960165500640869,667200.0,11063.574095964432,1720333078.966744,0.0009842221795069723,
417,5.0046186447143555,668800.0,11068.159754276276,1720333083.5524023,0.0009840998856598321,
418,4.9885687828063965,670400.0,11072.750777244568,1720333088.1434252,0.0009839771282139902,
419,5.020679473876953,672000.0,11301.148704528809,1720333316.5413525,0.0009838539073005461,5.263543128967285
420,4.9551615715026855,673600.0,11305.726495981216,1720333321.119144,0.0009837302230510938,
421,4.989360809326172,675200.0,11310.28816986084,1720333325.6808178,0.0009836060755977227,
422,4.953008651733398,676800.0,11314.852181434631,1720333330.2448294,0.0009834814650730164,
423,4.902841091156006,678400.0,11319.401705741882,1720333334.7943537,0.0009833563916100533,
424,4.944523811340332,680000.0,11323.953229188919,1720333339.3458772,0.0009832308553424057,
425,4.9882402420043945,681600.0,11328.504865646362,1720333343.8975136,0.0009831048564041412,
426,4.9550604820251465,683200.0,11333.062872171402,1720333348.4555202,0.0009829783949298204,
427,4.919425964355469,684800.0,11337.620817422867,1720333353.0134654,0.0009828514710544987,
428,4.901551723480225,686400.0,11342.18295454979,1720333357.5756025,0.0009827240849137246,
429,4.931676387786865,688000.0,11570.427503347397,1720333585.8201513,0.0009825962366435408,5.232779026031494
430,4.924623489379883,689600.0,11575.02110362053,1720333590.4137516,0.0009824679263804833,
431,4.896538734436035,691200.0,11579.613560676575,1720333595.0062087,0.0009823391542615816,
432,4.875133037567139,692800.0,11584.20788025856,1720333599.6005282,0.0009822099204243584,
433,4.903639316558838,694400.0,11588.800389051437,1720333604.193037,0.0009820802250068296,
434,4.888648509979248,696000.0,11593.38883805275,1720333608.781486,0.0009819500681475038,
435,4.902087688446045,697600.0,11597.972998857498,1720333613.3656468,0.0009818194499853826,
436,4.858374118804932,699200.0,11602.545234203339,1720333617.9378822,0.00098168837065996,
437,4.81403923034668,700800.0,11607.122495412827,1720333622.5151434,0.000981556830311223,
438,4.831326961517334,702400.0,11611.693458795547,1720333627.0861068,0.0009814248290796505,
439,4.790795803070068,704000.0,11840.143266439438,1720333855.5359144,0.0009812923671062136,5.11635684967041
440,4.812123775482178,705600.0,11844.73247218132,1720333860.1251202,0.0009811594445323759,
441,4.793614387512207,707200.0,11849.3081843853,1720333864.7008324,0.0009810260615000922,
442,4.815832138061523,708800.0,11853.873361349106,1720333869.2660093,0.00098089221815181,
443,4.768735408782959,710400.0,11858.434200525284,1720333873.8268485,0.0009807579146304671,
444,4.7702956199646,712000.0,11862.986905097961,1720333878.379553,0.0009806231510794939,
445,4.791939735412598,713600.0,11867.536266803741,1720333882.9289148,0.000980487927642812,
446,4.787517547607422,715200.0,11872.092095136642,1720333887.484743,0.000980352244464833,
447,4.788072109222412,716800.0,11876.660415410995,1720333892.0530634,0.0009802161016904609,
448,4.773126125335693,718400.0,11881.229565858841,1720333896.6222138,0.0009800794994650897,
449,4.710080623626709,720000.0,12109.528530836105,1720334124.9211788,0.0009799424379346045,5.102378845214844
450,4.7413249015808105,721600.0,12114.107706308365,1720334129.5003543,0.0009798049172453805,
451,4.73921537399292,723200.0,12118.683874845505,1720334134.0765228,0.0009796669375442834,
452,4.672238349914551,724800.0,12123.262964963913,1720334138.655613,0.0009795284989786695,
453,4.709567546844482,726400.0,12127.845483779907,1720334143.2381318,0.0009793896016963846,
454,4.719411373138428,728000.0,12132.431248188019,1720334147.8238962,0.0009792502458457644,
455,4.6823015213012695,729600.0,12137.015391111374,1720334152.408039,0.0009791104315756349,
456,4.6885247230529785,731200.0,12141.59677696228,1720334156.989425,0.000978970159035311,
457,4.7052130699157715,732800.0,12146.17179441452,1720334161.5644424,0.0009788294283745976,
458,4.675902843475342,734400.0,12150.748869657516,1720334166.1415176,0.0009786882397437885,
459,4.651675701141357,736000.0,12379.433916330338,1720334394.8265643,0.0009785465932936664,5.009403705596924
460,4.625651836395264,737600.0,12384.025824069977,1720334399.418472,0.0009784044891755037,
461,4.615842342376709,739200.0,12388.61295080185,1720334404.0055988,0.0009782619275410607,
462,4.6179280281066895,740800.0,12393.196759939194,1720334408.589408,0.0009781189085425865,
463,4.6615777015686035,742400.0,12397.780899524689,1720334413.1735475,0.0009779754323328191,
464,4.669351100921631,744000.0,12402.36665058136,1720334417.7592986,0.0009778314990649844,
465,4.632257461547852,745600.0,12406.949476480484,1720334422.3421245,0.0009776871088927966,
466,4.658061504364014,747200.0,12411.53600025177,1720334426.9286482,0.0009775422619704576,
467,4.6063232421875,748800.0,12416.118811130524,1720334431.511459,0.0009773969584526575,
468,4.615982532501221,750400.0,12420.710190296173,1720334436.1028383,0.0009772511984945734,
469,4.554605960845947,752000.0,12649.211641311646,1720334664.6042893,0.0009771049822518707,5.000890254974365
470,4.591519832611084,753600.0,12653.790929555893,1720334669.1835775,0.000976958309880701,
471,4.564597129821777,755200.0,12658.367477178574,1720334673.7601252,0.000976811181537704,
472,4.507760524749756,756800.0,12662.943334817886,1720334678.3359828,0.0009766635973800064,
473,4.518883228302002,758400.0,12667.519876718521,1720334682.9125247,0.0009765155575652206,
474,4.487409591674805,760000.0,12672.091819286346,1720334687.4844673,0.0009763670622514466,
475,4.4897565841674805,761600.0,12676.66439819336,1720334692.0570462,0.0009762181115972708,
476,4.494593143463135,763200.0,12681.234703063965,1720334696.627351,0.0009760687057617651,
477,4.472044467926025,764800.0,12685.815057992935,1720334701.207706,0.0009759188449044883,
478,4.466499328613281,766400.0,12690.390671014786,1720334705.783319,0.0009757685291854852,
479,4.453652858734131,768000.0,12918.902953624725,1720334934.2956016,0.0009756177587652855,4.867589473724365
480,4.466180324554443,769600.0,12923.485450744629,1720334938.8780987,0.0009754665338049058,
481,4.451359748840332,771200.0,12928.058543682098,1720334943.4511917,0.0009753148544658466,
482,4.504052639007568,772800.0,12932.630324602127,1720334948.0229726,0.0009751627209100952,
483,4.413002014160156,774400.0,12937.200693130493,1720334952.593341,0.0009750101333001227,
484,4.462096691131592,776000.0,12941.768737792969,1720334957.1613858,0.0009748570917988857,
485,4.4497857093811035,777600.0,12946.33572936058,1720334961.7283773,0.0009747035965698259,
486,4.417290687561035,779200.0,12950.901675224304,1720334966.2943232,0.0009745496477768687,
487,4.424818992614746,780800.0,12955.465474367142,1720334970.8581223,0.0009743952455844243,
488,4.364355564117432,782400.0,12960.031590938568,1720334975.424239,0.0009742403901573875,
489,4.415524482727051,784000.0,13188.52665734291,1720335203.9193053,0.0009740850816611367,4.832474708557129
490,4.38976526260376,785600.0,13193.114130973816,1720335208.506779,0.000973929320261534,
491,4.399806022644043,787200.0,13197.701625347137,1720335213.0942733,0.0009737731061249255,
492,4.370899200439453,788800.0,13202.291893720627,1720335217.6845417,0.0009736164394181407,
493,4.346646308898926,790400.0,13206.880603313446,1720335222.2732513,0.0009734593203084925,
494,4.325808525085449,792000.0,13211.477496623993,1720335226.8701446,0.0009733017489637767,
495,4.370790004730225,793600.0,13216.070943117142,1720335231.463591,0.0009731437255522725,
496,4.365787029266357,795200.0,13220.660681724548,1720335236.0533297,0.0009729852502427417,
497,4.3625617027282715,796800.0,13225.24974322319,1720335240.6423912,0.0009728263232044282,
498,4.281625270843506,798400.0,13229.83882856369,1720335245.2314765,0.0009726669446070591,
499,4.309117317199707,800000.0,13458.28176522255,1720335473.6744132,0.0009725071146208434,4.747154235839844
500,4.264773845672607,801600.0,13462.87499499321,1720335478.267643,0.0009723468334164719,
501,4.325806617736816,803200.0,13467.465314626694,1720335482.8579626,0.0009721861011651179,
502,4.302628993988037,804800.0,13472.055127620697,1720335487.4477756,0.0009720249180384359,
503,4.307382583618164,806400.0,13476.64459657669,1720335492.0372446,0.000971863284208562,
504,4.268733501434326,808000.0,13481.232110738754,1720335496.6247587,0.0009717011998481137,
505,4.260871410369873,809600.0,13485.82049202919,1720335501.21314,0.0009715386651301897,
506,4.221177101135254,811200.0,13490.403205871582,1720335505.7958539,0.0009713756802283696,
507,4.234335422515869,812800.0,13494.976350307465,1720335510.3689983,0.0009712122453167138,
508,4.220620155334473,814400.0,13499.54941868782,1720335514.9420667,0.0009710483605697632,
509,4.185703277587891,816000.0,13727.74856042862,1720335743.1412084,0.0009708840261625392,4.701270580291748
510,4.236362457275391,817600.0,13732.327261686325,1720335747.7199097,0.0009707192422705435,
511,4.213110446929932,819200.0,13736.911618709564,1720335752.3042667,0.0009705540090697574,
512,4.184518337249756,820800.0,13741.494012117386,1720335756.88666,0.0009703883267366426,
513,4.219955921173096,822400.0,13746.080723524094,1720335761.4733715,0.0009702221954481403,
514,4.175424098968506,824000.0,13750.6646296978,1720335766.0572777,0.0009700556153816707,
515,4.151261329650879,825600.0,13755.256909370422,1720335770.6495574,0.000969888586715134,
516,4.13893461227417,827200.0,13759.848291397095,1720335775.2409394,0.0009697211096269089,
517,4.210036754608154,828800.0,13764.4387383461,1720335779.8313863,0.0009695531842958534,
518,4.178328990936279,830400.0,13769.02693605423,1720335784.419584,0.000969384810901304,
519,4.163416385650635,832000.0,13997.579746961594,1720336012.972395,0.0009692159896230756,4.677243709564209
520,4.10445499420166,833600.0,14002.177938222885,1720336017.5705862,0.0009690467206414615,
521,4.183413982391357,835200.0,14006.77119588852,1720336022.1638439,0.0009688770041372337,
522,4.164264678955078,836800.0,14011.362043857574,1720336026.7546918,0.0009687068402916409,
523,4.160416603088379,838400.0,14015.949730873108,1720336031.3423789,0.0009685362292864108,
524,4.11351203918457,840000.0,14020.54293012619,1720336035.935578,0.0009683651713037478,
525,4.079635143280029,841600.0,14025.132463216782,1720336040.5251112,0.0009681936665263341,
526,4.106450080871582,843200.0,14029.722196102142,1720336045.114844,0.0009680217151373289,
527,4.068486213684082,844800.0,14034.310776472092,1720336049.7034245,0.0009678493173203682,
528,4.084220886230469,846400.0,14038.90188574791,1720336054.2945337,0.0009676764732595652,
529,4.1126227378845215,848000.0,14267.332839012146,1720336282.725487,0.0009675031831395092,4.591085910797119
530,4.002678871154785,849600.0,14271.90379524231,1720336287.2964432,0.0009673294471452662,
531,4.085652828216553,851200.0,14276.471888542175,1720336291.8645365,0.0009671552654623781,
532,4.031583309173584,852800.0,14281.039410352707,1720336296.4320583,0.0009669806382768631,
533,4.003385066986084,854400.0,14285.611444234848,1720336301.0040922,0.0009668055657752149,
534,3.97222900390625,856000.0,14290.183270454407,1720336305.5759184,0.0009666300481444029,
535,4.00186014175415,857600.0,14294.747044086456,1720336310.139692,0.0009664540855718719,
536,3.9767606258392334,859200.0,14299.315325737,1720336314.7079737,0.0009662776782455416,
537,4.019912242889404,860800.0,14303.879328012466,1720336319.271976,0.0009661008263538072,
538,4.0270609855651855,862400.0,14308.449682712555,1720336323.8423307,0.0009659235300855382,
539,4.032124996185303,864000.0,14536.823630809784,1720336552.2162788,0.000965745789630079,4.6242289543151855
540,4.041306495666504,865600.0,14541.417618751526,1720336556.8102667,0.0009655676051772481,
541,4.042773246765137,867200.0,14546.009253263474,1720336561.4019012,0.0009653889769173384,
542,4.044045925140381,868800.0,14550.599986553192,1720336565.9926345,0.0009652099050411166,
543,4.063164710998535,870400.0,14555.19234251976,1720336570.5849905,0.0009650303897398232,
544,3.9940345287323,872000.0,14559.781572580338,1720336575.1742206,0.0009648504312051722,
545,4.0147013664245605,873600.0,14564.370836019516,1720336579.763484,0.0009646700296293512,
546,3.988384246826172,875200.0,14568.955022335052,1720336584.3476703,0.0009644891852050207,
547,3.9981391429901123,876800.0,14573.53901052475,1720336588.9316585,0.0009643078981253143,
548,3.9309043884277344,878400.0,14578.1226272583,1720336593.5152752,0.0009641261685838383,
549,3.8977952003479004,880000.0,14806.886187553406,1720336822.2788355,0.0009639439967746712,4.5173563957214355
550,3.8789024353027344,881600.0,14811.475599527359,1720336826.8682475,0.0009637613828923645,
551,3.981497287750244,883200.0,14816.065367937088,1720336831.458016,0.000963578327131941,
552,3.88617205619812,884800.0,14820.65259051323,1720336836.0452385,0.0009633948296888962,
553,3.911633253097534,886400.0,14825.240044593811,1720336840.6326926,0.0009632108907591967,
554,3.9207496643066406,888000.0,14829.824808597565,1720336845.2174566,0.0009630265105392808,
555,3.9437310695648193,889600.0,14834.413163661957,1720336849.8058116,0.0009628416892260584,
556,3.8377063274383545,891200.0,14839.000174283981,1720336854.3928223,0.0009626564270169098,
557,3.891547441482544,892800.0,14843.588649272919,1720336858.9812973,0.0009624707241096868,
558,3.858715772628784,894400.0,14848.178115606308,1720336863.5707636,0.0009622845807027113,
559,3.853144407272339,896000.0,15076.754435777664,1720337092.1470838,0.0009620979969947759,4.430275917053223
560,3.8878142833709717,897600.0,15081.350585460663,1720337096.7432334,0.0009619109731851435,
561,3.8693325519561768,899200.0,15085.94236946106,1720337101.3350174,0.0009617235094735471,
562,3.887751340866089,900800.0,15090.535993337631,1720337105.9286413,0.000961535606060189,
563,3.8408546447753906,902400.0,15095.124860525131,1720337110.5175085,0.0009613472631457418,
564,3.877012014389038,904000.0,15099.710570812225,1720337115.1032188,0.0009611584809313467,
565,3.884777784347534,905600.0,15104.293997049332,1720337119.686645,0.0009609692596186145,
566,3.823296308517456,907200.0,15108.875903606415,1720337124.2685516,0.0009607795994096248,
567,3.856942892074585,908800.0,15113.454640865326,1720337128.8472888,0.0009605895005069261,
568,3.8240249156951904,910400.0,15118.029292821884,1720337133.4219408,0.0009603989631135355,
569,3.8415963649749756,912000.0,15346.349619865417,1720337361.7422678,0.0009602079874329376,4.461339473724365
570,3.8376240730285645,913600.0,15350.932411193848,1720337366.3250592,0.0009600165736690861,
571,3.815645694732666,915200.0,15355.5104637146,1720337370.9031117,0.0009598247220264018,
572,3.7450225353240967,916800.0,15360.09071969986,1720337375.4833677,0.0009596324327097739,
573,3.80876088142395,918400.0,15364.673645973206,1720337380.066294,0.0009594397059245579,
574,3.794767379760742,920000.0,15369.256946086884,1720337384.649594,0.0009592465418765777,
575,3.7976479530334473,921600.0,15373.841713905334,1720337389.234362,0.0009590529407721231,
576,3.795382022857666,923200.0,15378.420128583908,1720337393.8127766,0.0009588589028179516,
577,3.7453160285949707,924800.0,15382.993200302124,1720337398.3858483,0.0009586644282212867,
578,3.705800771713257,926400.0,15387.568469524384,1720337402.9611175,0.0009584695171898181,
579,3.769895315170288,928000.0,15616.030052423477,1720337631.4227004,0.0009582741699317019,4.457470417022705
580,3.7269399166107178,929600.0,15620.61407661438,1720337636.0067246,0.0009580783866555603,
581,3.696641683578491,931200.0,15625.200899600983,1720337640.5935476,0.0009578821675704805,
582,3.756011962890625,932800.0,15629.786636590958,1720337645.1792846,0.0009576855128860155,
583,3.6935455799102783,934400.0,15634.378477334976,1720337649.7711253,0.0009574884228121835,
584,3.656240463256836,936000.0,15638.973782777786,1720337654.3664308,0.0009572908975594676,
585,3.712562322616577,937600.0,15643.571162462234,1720337658.9638104,0.0009570929373388157,
586,3.6756598949432373,939200.0,15648.165823459625,1720337663.5584714,0.0009568945423616402,
587,3.6540603637695312,940800.0,15652.762301206589,1720337668.1549492,0.0009566957128398179,
588,3.635326862335205,942400.0,15657.352629899979,1720337672.745278,0.0009564964489856894,
589,3.6719939708709717,944000.0,15886.072702169418,1720337901.4653502,0.0009562967510120595,4.37391996383667
590,3.621807813644409,945600.0,15890.669203519821,1720337906.0618515,0.0009560966191321963,
591,3.6365582942962646,947200.0,15895.257855892181,1720337910.6505039,0.0009558960535598316,
592,3.640470504760742,948800.0,15899.841876029968,1720337915.234524,0.0009556950545091599,
593,3.6739413738250732,950400.0,15904.42193698883,1720337919.814585,0.0009554936221948393,
594,3.640129804611206,952000.0,15908.996731758118,1720337924.3893797,0.0009552917568319901,
595,3.6701626777648926,953600.0,15913.571851730347,1720337928.9644997,0.0009550894586361952,
596,3.5980064868927,955200.0,15918.177621126175,1720337933.570269,0.0009548867278234997,
597,3.65734601020813,956800.0,15922.750538110733,1720337938.143186,0.0009546835646104108,
598,3.617626190185547,958400.0,15927.32384967804,1720337942.7164977,0.0009544799692138977,
599,3.6236732006073,960000.0,16155.856694698334,1720338171.2493427,0.0009542759418513905,4.385887145996094
600,3.681969404220581,961600.0,16163.89406824112,1720338179.2867162,0.0009540714827407814,
601,3.606569290161133,963200.0,16168.471151351929,1720338183.8637993,0.000953866592100423,
602,3.5911965370178223,964800.0,16173.045225381851,1720338188.4378734,0.0009536612701491295,
603,3.6347625255584717,966400.0,16177.609658002853,1720338193.002306,0.0009534555171061749,
604,3.610145330429077,968000.0,16182.175465345383,1720338197.5681133,0.0009532493331912942,
605,3.6091995239257812,969600.0,16186.732131004333,1720338202.124779,0.0009530427186246821,
606,3.5722992420196533,971200.0,16191.2905523777,1720338206.6832004,0.0009528356736269938,
607,3.5762622356414795,972800.0,16195.85633111,1720338211.248979,0.0009526281984193436,
608,3.5481762886047363,974400.0,16200.415249586105,1720338215.8078976,0.0009524202932233055,
609,3.5565102100372314,976000.0,16428.78252506256,1720338444.175173,0.0009522119582609127,4.355850696563721
610,3.5415127277374268,977600.0,16433.371310710907,1720338448.7639587,0.0009520031937546573,
611,3.5426406860351562,979200.0,16437.95791387558,1720338453.3505619,0.0009517939999274902,
612,3.562009572982788,980800.0,16442.544277668,1720338457.9369256,0.000951584377002821,
613,3.5172111988067627,982400.0,16447.13481426239,1720338462.5274622,0.000951374325204517,
614,3.4982192516326904,984000.0,16451.728281736374,1720338467.1209297,0.0009511638447569041,
615,3.4798150062561035,985600.0,16456.322187900543,1720338471.714836,0.0009509529358847655,
616,3.4677205085754395,987200.0,16460.921949386597,1720338476.3145974,0.0009507415988133425,
617,3.499157667160034,988800.0,16465.51527285576,1720338480.9079208,0.000950529833768333,
618,3.5217137336730957,990400.0,16470.110514879227,1720338485.5031629,0.0009503176409758926,
619,3.508157730102539,992000.0,16698.813808441162,1720338714.2064564,0.0009501050206626333,4.361984729766846
620,3.4989075660705566,993600.0,16703.39398908615,1720338718.786637,0.0009498919730556239,
621,3.5194039344787598,995200.0,16707.967611551285,1720338723.3602595,0.0009496784983823894,
622,3.503521680831909,996800.0,16712.54161810875,1720338727.934266,0.0009494645968709109,
623,3.43900990486145,998400.0,16717.113664865494,1720338732.5063128,0.0009492502687496253,
624,3.4483516216278076,1000000.0,16721.687104940414,1720338737.079753,0.0009490355142474253,
625,3.487572431564331,1001600.0,16726.257501125336,1720338741.650149,0.0009488203335936588,
626,3.4500186443328857,1003200.0,16730.829041481018,1720338746.2216895,0.000948604727018129,
627,3.3997151851654053,1004800.0,16735.399411201477,1720338750.7920592,0.0009483886947510933,
628,3.442030668258667,1006400.0,16739.95432138443,1720338755.3469694,0.0009481722370232648,
629,3.4523518085479736,1008000.0,16968.113916635513,1720338983.5065646,0.00094795535406581,4.37585973739624
630,3.4002933502197266,1009600.0,16972.68822646141,1720338988.0808744,0.0009477380461103501,
631,3.417269229888916,1011200.0,16977.25924873352,1720338992.6518967,0.00094752031338896,
632,3.4422264099121094,1012800.0,16981.830382585526,1720338997.2230306,0.000947302156134168,
633,3.4185941219329834,1014400.0,16986.398099184036,1720339001.7907472,0.0009470835745789563,
634,3.3976705074310303,1016000.0,16990.96675682068,1720339006.3594048,0.0009468645689567597,
635,3.4395458698272705,1017600.0,16995.546627521515,1720339010.9392755,0.0009466451395014665,
636,3.372389316558838,1019200.0,17000.128021001816,1720339015.520669,0.0009464252864474169,
637,3.3878560066223145,1020800.0,17004.716575860977,1720339020.1092238,0.0009462050100294038,
638,3.373960256576538,1022400.0,17009.309099435806,1720339024.7017474,0.0009459843104826726,
639,3.329845428466797,1024000.0,17237.77871632576,1720339253.1713643,0.0009457631880429201,4.304418087005615
640,3.389624834060669,1025600.0,17242.359180927277,1720339257.751829,0.0009455416429462949,
641,3.353996992111206,1027200.0,17246.929838180542,1720339262.3224862,0.0009453196754293969,
642,3.339848756790161,1028800.0,17251.503773212433,1720339266.8964212,0.0009450972857292773,
643,3.3350045680999756,1030400.0,17256.079264640808,1720339271.4719126,0.0009448744740834379,
644,3.3417088985443115,1032000.0,17260.655560970306,1720339276.048209,0.0009446512407298314,
645,3.3137340545654297,1033600.0,17265.23699903488,1720339280.629647,0.0009444275859068609,
646,3.3369362354278564,1035200.0,17269.824151277542,1720339285.2167993,0.0009442035098533791,
647,3.3658642768859863,1036800.0,17274.418429136276,1720339289.811077,0.0009439790128086893,
648,3.320991277694702,1038400.0,17279.01209282875,1720339294.4047408,0.0009437540950125438,
649,3.296034574508667,1040000.0,17507.530012130737,1720339522.92266,0.0009435287567051445,4.337406635284424
650,3.336074113845825,1041600.0,17512.11209321022,1720339527.5047412,0.0009433029981271423,
651,3.3057239055633545,1043200.0,17516.688197374344,1720339532.0808454,0.000943076819519637,
652,3.290602922439575,1044800.0,17521.259405612946,1720339536.6520536,0.0009428502211241769,
653,3.2671494483947754,1046400.0,17525.82500553131,1720339541.2176535,0.0009426232031827588,
654,3.2833924293518066,1048000.0,17530.3811211586,1720339545.7737691,0.0009423957659378272,
655,3.3265628814697266,1049600.0,17534.943179368973,1720339550.3358274,0.0009421679096322747,
656,3.222376585006714,1051200.0,17539.512842416763,1720339554.9054904,0.0009419396345094416,
657,3.286437749862671,1052800.0,17544.078812599182,1720339559.4714606,0.0009417109408131148,
658,3.2507011890411377,1054400.0,17548.63946866989,1720339564.0321167,0.000941481828787529,
659,3.234579563140869,1056000.0,17777.056394338608,1720339792.4490423,0.0009412522986773651,4.298448085784912
660,3.2457871437072754,1057600.0,17781.637788772583,1720339797.0304368,0.0009410223507277508,
661,3.2181098461151123,1059200.0,17786.2152030468,1720339801.607851,0.0009407919851842598,
662,3.2309372425079346,1060800.0,17790.782422542572,1720339806.1750705,0.0009405612022929119,
663,3.2159924507141113,1062400.0,17795.35019469261,1720339810.7428427,0.0009403300023001728,
664,3.2054429054260254,1064000.0,17799.903718471527,1720339815.2963665,0.0009400983854529534,
665,3.2229905128479004,1065600.0,17804.47531056404,1720339819.8679585,0.0009398663519986097,
666,3.1929402351379395,1067200.0,17809.0408949852,1720339824.433543,0.0009396339021849428,
667,3.1972153186798096,1068800.0,17813.611907482147,1720339829.0045555,0.0009394010362601984,
668,3.144390821456909,1070400.0,17818.17550301552,1720339833.568151,0.0009391677544730666,
669,3.1739864349365234,1072000.0,18046.44897866249,1720340061.8416266,0.0009389340570726818,4.3691253662109375
670,3.1981418132781982,1073600.0,18051.034132242203,1720340066.4267802,0.0009386999443086217,
671,3.1023011207580566,1075200.0,18055.61231327057,1720340071.0049613,0.0009384654164309083,
672,3.148022174835205,1076800.0,18060.18278360367,1720340075.5754316,0.0009382304736900063,
673,3.139082431793213,1078400.0,18064.756746530533,1720340080.1493945,0.000937995116336824,
674,3.16577410697937,1080000.0,18069.331247091293,1720340084.723895,0.0009377593446227121,
675,3.1553266048431396,1081600.0,18073.900903224945,1720340089.2935512,0.0009375231587994639,
676,3.116886854171753,1083200.0,18078.472162485123,1720340093.8648105,0.000937286559119315,
677,3.0928125381469727,1084800.0,18083.040618419647,1720340098.4332664,0.000937049545834943,
678,3.11334490776062,1086400.0,18087.60953092575,1720340103.002179,0.0009368121191994672,
679,3.1009833812713623,1088000.0,18316.166840076447,1720340331.559488,0.0009365742794664484,4.364875316619873
680,3.100585699081421,1089600.0,18320.74807715416,1720340336.1407251,0.0009363360268898883,
681,3.099743604660034,1091200.0,18325.31344294548,1720340340.706091,0.0009360973617242298,
682,3.1508729457855225,1092800.0,18329.888546943665,1720340345.281195,0.0009358582842243562,
683,3.1239101886749268,1094400.0,18334.45181131363,1720340349.8444593,0.0009356187946455914,
684,3.0972847938537598,1096000.0,18339.012689113617,1720340354.405337,0.0009353788932436993,
685,3.1136815547943115,1097600.0,18343.569495677948,1720340358.9621437,0.0009351385802748836,
686,3.1152894496917725,1099200.0,18348.13813638687,1720340363.5307844,0.000934897855995787,
687,3.089387893676758,1100800.0,18352.709929466248,1720340368.1025774,0.0009346567206634926,
688,3.078223466873169,1102400.0,18357.28548669815,1720340372.6781347,0.0009344151745355214,
689,3.034336805343628,1104000.0,18585.551795721054,1720340600.9444437,0.0009341732178698338,4.327123165130615
690,3.0242083072662354,1105600.0,18590.127956867218,1720340605.5206048,0.0009339308509248282,
691,3.040565013885498,1107200.0,18594.70663523674,1720340610.0992832,0.0009336880739593415,
692,3.068502187728882,1108800.0,18599.283825159073,1720340614.6764731,0.0009334448872326482,
693,3.0658435821533203,1110400.0,18603.86681985855,1720340619.2594678,0.0009332012910044607,
694,3.0621209144592285,1112000.0,18608.449238300323,1720340623.8418863,0.0009329572855349284,
695,3.028045892715454,1113600.0,18613.039224624634,1720340628.4318726,0.0009327128710846378,
696,3.0100018978118896,1115200.0,18617.629220962524,1720340633.021869,0.0009324680479146127,
697,3.0243961811065674,1116800.0,18622.22308921814,1720340637.6157372,0.0009322228162863125,
698,3.011915683746338,1118400.0,18626.812330961227,1720340642.204979,0.0009319771764616338,
699,2.9512462615966797,1120000.0,18855.171927690506,1720340870.5645757,0.0009317311287029081,4.345379829406738
700,2.9956634044647217,1121600.0,18859.747800827026,1720340875.1404488,0.0009314846732729036,
701,2.9710564613342285,1123200.0,18864.320021152496,1720340879.7126691,0.0009312378104348228,
702,2.981325149536133,1124800.0,18868.886494398117,1720340884.2791424,0.0009309905404523044,
703,2.9714717864990234,1126400.0,18873.45890569687,1720340888.8515537,0.0009307428635894209,
704,2.9233388900756836,1128000.0,18878.06420469284,1720340893.4568527,0.0009304947801106802,
705,2.940714120864868,1129600.0,18882.64618062973,1720340898.0388286,0.0009302462902810237,
706,2.9175095558166504,1131200.0,18887.232305049896,1720340902.624953,0.0009299973943658272,
707,2.965946674346924,1132800.0,18891.82310605049,1720340907.215754,0.0009297480926309002,
708,2.956679105758667,1134400.0,18896.41295814514,1720340911.8056061,0.0009294983853424855,
709,2.94819712638855,1136000.0,19124.97115969658,1720341140.3638077,0.0009292482727672588,4.4223761558532715
710,2.9480044841766357,1137600.0,19129.55568575859,1720341144.9483337,0.000928997755172329,
711,2.892948865890503,1139200.0,19134.131965637207,1720341149.5246136,0.0009287468328252372,
712,2.9260103702545166,1140800.0,19138.703135490417,1720341154.0957835,0.000928495505993957,
713,2.8868567943573,1142400.0,19143.27323102951,1720341158.665879,0.000928243774946894,
714,2.9070332050323486,1144000.0,19147.844996213913,1720341163.2376442,0.0009279916399528851,
715,2.882174015045166,1145600.0,19152.421954631805,1720341167.8146026,0.0009277391012811992,
716,2.863576650619507,1147200.0,19157.00456094742,1720341172.397209,0.0009274861592015358,
717,2.8749330043792725,1148800.0,19161.586007356644,1720341176.9786553,0.0009272328139840253,
718,2.829057455062866,1150400.0,19166.170376062393,1720341181.563024,0.000926979065899229,
719,2.8509151935577393,1152000.0,19394.723324775696,1720341410.1159728,0.0009267249152181379,4.384983062744141
720,2.873129367828369,1153600.0,19399.310362815857,1720341414.7030108,0.0009264703622121734,
721,2.797022819519043,1155200.0,19403.884546995163,1720341419.277195,0.0009262154071531865,
722,2.845573902130127,1156800.0,19408.45955181122,1720341423.8521998,0.0009259600503134572,
723,2.87723970413208,1158400.0,19413.031880378723,1720341428.4245284,0.000925704291965695,
724,2.7890594005584717,1160000.0,19417.599609375,1720341432.9922574,0.000925448132383038,
725,2.8368306159973145,1161600.0,19422.16898703575,1720341437.561635,0.0009251915718390529,
726,2.8097646236419678,1163200.0,19426.74285554886,1720341442.1355035,0.0009249346106077345,
727,2.8147473335266113,1164800.0,19431.316584587097,1720341446.7092326,0.0009246772489635057,
728,2.8252954483032227,1166400.0,19435.899538755417,1720341451.2921867,0.0009244194871812167,
729,2.7973477840423584,1168000.0,19664.31477046013,1720341679.7074184,0.0009241613255361454,4.433746337890625
730,2.821011781692505,1169600.0,19668.902391195297,1720341684.2950392,0.0009239027643039964,
731,2.773632526397705,1171200.0,19673.485825300217,1720341688.8784733,0.0009236438037609013,
732,2.7407195568084717,1172800.0,19678.0712954998,1720341693.4639435,0.0009233844441834181,
733,2.7818405628204346,1174400.0,19682.659088373184,1720341698.0517364,0.0009231246858485307,
734,2.7574005126953125,1176000.0,19687.250801324844,1720341702.6434493,0.0009228645290336492,
735,2.7653112411499023,1177600.0,19691.84215116501,1720341707.2347991,0.000922603974016609,
736,2.766150951385498,1179200.0,19696.432627677917,1720341711.8252757,0.0009223430210756711,
737,2.715330123901367,1180800.0,19701.02617788315,1720341716.4188259,0.0009220816704895208,
738,2.7327868938446045,1182400.0,19705.615437746048,1720341721.0080857,0.0009218199225372691,
739,2.760498523712158,1184000.0,19934.030467033386,1720341949.423115,0.0009215577774984501,4.476287364959717
740,2.766294240951538,1185600.0,19938.61838078499,1720341954.0110288,0.0009212952356530232,
741,2.7657527923583984,1187200.0,19943.20198059082,1720341958.5946286,0.0009210322972813705,
742,2.7420060634613037,1188800.0,19947.785935163498,1720341963.1785831,0.0009207689626642987,
743,2.7145588397979736,1190400.0,19952.37327003479,1720341967.765918,0.0009205052320830366,
744,2.7184066772460938,1192000.0,19956.960943460464,1720341972.3535914,0.0009202411058192364,
745,2.7015607357025146,1193600.0,19961.544879198074,1720341976.9375272,0.0009199765841549728,
746,2.6776626110076904,1195200.0,19966.12620663643,1720341981.5188546,0.0009197116673727429,
747,2.6701295375823975,1196800.0,19970.699587106705,1720341986.092235,0.0009194463557554654,
748,2.6635446548461914,1198400.0,19975.261632442474,1720341990.6542804,0.0009191806495864811,
749,2.644453287124634,1200000.0,20203.39553451538,1720342218.7881825,0.0009189145491495521,4.506223201751709
750,2.6609928607940674,1201600.0,20207.97253704071,1720342223.365185,0.0009186480547288609,
751,2.6493377685546875,1203200.0,20212.542595863342,1720342227.9352438,0.0009183811666090116,
752,2.6393678188323975,1204800.0,20217.10770010948,1720342232.500348,0.0009181138850750285,
753,2.6450283527374268,1206400.0,20221.678489923477,1720342237.071138,0.0009178462104123559,
754,2.620669364929199,1208000.0,20226.250116825104,1720342241.6427648,0.000917578142906858,
755,2.6309781074523926,1209600.0,20230.832608938217,1720342246.225257,0.0009173096828448186,
756,2.5894956588745117,1211200.0,20235.414819717407,1720342250.8074677,0.0009170408305129407,
757,2.5717074871063232,1212800.0,20240.002680301666,1720342255.3953283,0.0009167715861983462,
758,2.5643692016601562,1214400.0,20244.589782476425,1720342259.9824305,0.0009165019501885756,
759,2.5431737899780273,1216000.0,20472.971228837967,1720342488.3638768,0.0009162319227715878,4.482489109039307
760,2.523327589035034,1217600.0,20477.563404083252,1720342492.956052,0.0009159615042357596,
761,2.5126543045043945,1219200.0,20482.16008067131,1720342497.5527287,0.0009156906948698856,
762,2.53528094291687,1220800.0,20486.753452777863,1720342502.1461008,0.0009154194949631778,
763,2.51767635345459,1222400.0,20491.350797891617,1720342506.7434459,0.000915147904805265,
764,2.528812885284424,1224000.0,20495.946980714798,1720342511.3396287,0.0009148759246861932,
765,2.5194056034088135,1225600.0,20500.539190530777,1720342515.9318385,0.0009146035548964245,
766,2.513719320297241,1227200.0,20505.131311655045,1720342520.5239596,0.0009143307957268376,
767,2.4931769371032715,1228800.0,20509.710461854935,1720342525.1031098,0.0009140576474687263,
768,2.4956576824188232,1230400.0,20514.291388988495,1720342529.684037,0.0009137841104138009,
769,2.511207342147827,1232000.0,20742.82570886612,1720342758.2183568,0.0009135101848541859,4.571786403656006
770,2.534852981567383,1233600.0,20747.42225766182,1720342762.8149056,0.0009132358710824213,
771,2.4779815673828125,1235200.0,20752.017909765244,1720342767.4105577,0.0009129611693914618,
772,2.4763870239257812,1236800.0,20756.610424518585,1720342772.0030725,0.000912686080074676,
773,2.4715020656585693,1238400.0,20761.1981112957,1720342776.5907593,0.0009124106034258466,
774,2.4739863872528076,1240000.0,20765.778932094574,1720342781.17158,0.0009121347397391701,
775,2.434814929962158,1241600.0,20770.351779460907,1720342785.7444274,0.0009118584893092563,
776,2.447456121444702,1243200.0,20774.916897535324,1720342790.3095455,0.0009115818524311276,
777,2.444823980331421,1244800.0,20779.47161412239,1720342794.864262,0.0009113048294002198,
778,2.4620132446289062,1246400.0,20784.03987312317,1720342799.432521,0.0009110274205123806,
779,2.415332078933716,1248000.0,21012.241858243942,1720343027.6345062,0.0009107496260638698,4.571128845214844
780,2.4304757118225098,1249600.0,21016.817898273468,1720343032.2105463,0.0009104714463513595,
781,2.4051480293273926,1251200.0,21021.39657855034,1720343036.7892265,0.0009101928816719324,
782,2.3805348873138428,1252800.0,21025.977161169052,1720343041.3698092,0.0009099139323230829,
783,2.4112491607666016,1254400.0,21030.567068576813,1720343045.9597166,0.0009096345986027161,
784,2.4323792457580566,1256000.0,21035.15928530693,1720343050.5519333,0.0009093548808091478,
785,2.399390935897827,1257600.0,21039.761032819748,1720343055.1536808,0.0009090747792411031,
786,2.4219398498535156,1259200.0,21044.352642774582,1720343059.7452908,0.0009087942941977183,
787,2.4019620418548584,1260800.0,21048.947411060333,1720343064.340059,0.000908513425978538,
788,2.3604543209075928,1262400.0,21053.54044675827,1720343068.9330947,0.0009082321748835168,
789,2.3831584453582764,1264000.0,21281.81565117836,1720343297.2082992,0.0009079505412130177,4.639317512512207
790,2.3942360877990723,1265600.0,21286.402193307877,1720343301.7948413,0.0009076685252678129,
791,2.355527639389038,1267200.0,21290.994755983353,1720343306.387404,0.000907386127349082,
792,2.2962329387664795,1268800.0,21295.58278608322,1720343310.975434,0.0009071033477584132,
793,2.284592390060425,1270400.0,21300.169922828674,1720343315.5625708,0.0009068201867978021,
794,2.3133392333984375,1272000.0,21304.76105093956,1720343320.153699,0.0009065366447696517,
795,2.3002402782440186,1273600.0,21309.349622488022,1720343324.7422705,0.0009062527219767715,
796,2.290959119796753,1275200.0,21313.937771320343,1720343329.3304193,0.0009059684187223783,
797,2.3406355381011963,1276800.0,21318.53050470352,1720343333.9231527,0.0009056837353100946,
798,2.270893096923828,1278400.0,21323.120180606842,1720343338.5128286,0.0009053986720439494,
799,2.269317388534546,1280000.0,21551.372407197952,1720343566.7650552,0.0009051132292283772,4.669836521148682
800,2.3463196754455566,1281600.0,21576.025453805923,1720343591.4181018,0.0009048274071682175,
801,2.321249485015869,1283200.0,21580.58713388443,1720343595.9797819,0.0009045412061687155,
802,2.2914960384368896,1284800.0,21585.13911962509,1720343600.5317676,0.0009042546265355204,
803,2.256753921508789,1286400.0,21589.689361572266,1720343605.0820096,0.000903967668574686,
804,2.244650363922119,1288000.0,21594.24125099182,1720343609.633899,0.0009036803325926704,
805,2.2295844554901123,1289600.0,21598.790152311325,1720343614.1828003,0.0009033926188963352,
806,2.215886354446411,1291200.0,21603.341698408127,1720343618.7343464,0.0009031045277929454,
807,2.2191731929779053,1292800.0,21607.898762464523,1720343623.2914104,0.0009028160595901688,
808,2.21075701713562,1294400.0,21612.460287809372,1720343627.8529358,0.0009025272145960766,
809,2.2173678874969482,1296000.0,21841.036185979843,1720343856.428834,0.0009022379931191416,4.709327220916748
810,2.2048757076263428,1297600.0,21845.633615732193,1720343861.0262637,0.0009019483954682391,
811,2.248854398727417,1299200.0,21850.23630475998,1720343865.6289527,0.0009016584219526461,
812,2.2130630016326904,1300800.0,21854.86144900322,1720343870.254097,0.0009013680728820409,
813,2.1813697814941406,1302400.0,21859.447028160095,1720343874.8396761,0.0009010773485665032,
814,2.1885039806365967,1304000.0,21864.014567136765,1720343879.407215,0.0009007862493165127,
815,2.2192020416259766,1305600.0,21868.582995653152,1720343883.9756436,0.0009004947754429507,
816,2.168342113494873,1307200.0,21873.151695489883,1720343888.5443435,0.0009002029272570972,
817,2.174060344696045,1308800.0,21877.71936440468,1720343893.1120124,0.000899910705070633,
818,2.141864061355591,1310400.0,21882.282066106796,1720343897.674714,0.000899618109195638,
819,2.1339194774627686,1312000.0,22110.702721118927,1720344126.095369,0.0008993251399445908,4.811068534851074
820,2.1538264751434326,1313600.0,22115.285494089127,1720344130.678142,0.0008990317976303695,
821,2.1757047176361084,1315200.0,22119.872712373734,1720344135.2653604,0.0008987380825662498,
822,2.1883063316345215,1316800.0,22124.45861506462,1720344139.851263,0.0008984439950659062,
823,2.118079900741577,1318400.0,22129.03784775734,1720344144.4304957,0.0008981495354434102,
824,2.054974317550659,1320000.0,22133.61643052101,1720344149.0090785,0.0008978547040132316,
825,2.0371062755584717,1321600.0,22138.19475388527,1720344153.5874019,0.0008975595010902367,
826,2.08795428276062,1323200.0,22142.766340255737,1720344158.1589882,0.0008972639269896883,
827,2.0793824195861816,1324800.0,22147.340953826904,1720344162.7336018,0.0008969679820272462,
828,2.0399415493011475,1326400.0,22151.914475917816,1720344167.307124,0.000896671666518966,
829,2.041280508041382,1328000.0,22380.30857872963,1720344395.7012267,0.0008963749807812991,4.797475337982178
830,2.0322861671447754,1329600.0,22384.89889025688,1720344400.2915382,0.000896077925131092,
831,2.021700620651245,1331200.0,22389.490561246872,1720344404.8832092,0.0008957804998855866,
832,2.0415549278259277,1332800.0,22394.086933851242,1720344409.4795818,0.0008954827053624194,
833,2.0441043376922607,1334400.0,22398.67824268341,1720344414.0708907,0.0008951845418796211,
834,2.02777361869812,1336000.0,22403.273837327957,1720344418.6664853,0.0008948860097556167,
835,2.007969617843628,1337600.0,22407.87265944481,1720344423.2653074,0.0008945871093092247,
836,2.015781879425049,1339200.0,22412.47258090973,1720344427.865229,0.0008942878408596571,
837,2.0298428535461426,1340800.0,22417.06675863266,1720344432.4594066,0.0008939882047265189,
838,2.016622543334961,1342400.0,22421.664947271347,1720344437.0575953,0.0008936882012298075,
839,2.027409315109253,1344000.0,22650.274656534195,1720344665.6673045,0.000893387830689913,4.9144158363342285
840,2.019315481185913,1345600.0,22654.851500988007,1720344670.244149,0.0008930870934276172,
841,2.0029690265655518,1347200.0,22659.43264055252,1720344674.8252885,0.0008927859897640937,
842,1.9954490661621094,1348800.0,22664.012588977814,1720344679.405237,0.0008924845200209073,
843,1.970497965812683,1350400.0,22668.58527135849,1720344683.9779193,0.000892182684520014,
844,1.9843839406967163,1352000.0,22673.152945518494,1720344688.5455935,0.00089188048358376,
845,1.9452793598175049,1353600.0,22677.7198574543,1720344693.1125054,0.000891577917534882,
846,2.0085339546203613,1355200.0,22682.298204421997,1720344697.6908524,0.0008912749866965069,
847,1.9644132852554321,1356800.0,22686.87745118141,1720344702.2700992,0.0008909716913921507,
848,1.9296997785568237,1358400.0,22691.457064390182,1720344706.8497124,0.0008906680319457187,
849,1.895898699760437,1360000.0,22919.749703407288,1720344935.1423514,0.0008903640086815054,4.968642234802246
850,1.8809822797775269,1361600.0,22924.334988355637,1720344939.7276363,0.0008900596219241936,
851,1.8943414688110352,1363200.0,22928.917014837265,1720344944.3096628,0.0008897548719988543,
852,1.885215401649475,1364800.0,22933.498730421066,1720344948.8913784,0.0008894497592309465,
853,1.9216450452804565,1366400.0,22938.09257555008,1720344953.4852235,0.0008891442839463167,
854,1.857757568359375,1368000.0,22942.686680078506,1720344958.079328,0.000888838446471198,
855,1.876545786857605,1369600.0,22947.27107977867,1720344962.6637278,0.0008885322471322112,
856,1.845367431640625,1371200.0,22951.854350090027,1720344967.246998,0.0008882256862563629,
857,1.835068702697754,1372800.0,22956.450118541718,1720344971.8427665,0.000887918764171046,
858,1.867796778678894,1374400.0,22961.04717516899,1720344976.4398232,0.0008876114812040394,
859,1.7973682880401611,1376000.0,23189.625779628754,1720345205.0184276,0.0008873038376835067,5.0482964515686035
860,1.8238483667373657,1377600.0,23194.209892988205,1720345209.602541,0.0008869958339379976,
861,1.8148634433746338,1379200.0,23198.79148364067,1720345214.1841316,0.0008866874702964454,
862,1.7977707386016846,1380800.0,23203.371671438217,1720345218.7643194,0.0008863787470881686,
863,1.8288730382919312,1382400.0,23207.95786523819,1720345223.3505132,0.0008860696646428692,
864,1.8510693311691284,1384000.0,23212.548900842667,1720345227.9415488,0.0008857602232906332,
865,1.7606579065322876,1385600.0,23217.12629175186,1720345232.5189397,0.0008854504233619297,
866,1.7769759893417358,1387200.0,23221.69711446762,1720345237.0897624,0.0008851402651876107,
867,1.7842549085617065,1388800.0,23226.284650087357,1720345241.677298,0.0008848297490989108,
868,1.8135013580322266,1390400.0,23230.863651037216,1720345246.256299,0.000884518875427447,
869,1.7641443014144897,1392000.0,23459.506113529205,1720345474.8987615,0.000884207644505218,5.100527286529541
870,1.7482109069824219,1393600.0,23464.104744672775,1720345479.4973927,0.0008838960566646042,
871,1.7514656782150269,1395200.0,23468.699527978897,1720345484.092176,0.0008835841122383669,
872,1.7959257364273071,1396800.0,23473.298027038574,1720345488.690675,0.0008832718115596486,
873,1.7211817502975464,1398400.0,23477.89711332321,1720345493.2897613,0.0008829591549619719,
874,1.7091718912124634,1400000.0,23482.48677444458,1720345497.8794224,0.0008826461427792399,
875,1.7079657316207886,1401600.0,23487.073563337326,1720345502.4662113,0.0008823327753457348,
876,1.6982027292251587,1403200.0,23491.655420303345,1720345507.0480683,0.0008820190529961188,
877,1.7038847208023071,1404800.0,23496.23879313469,1720345511.631441,0.0008817049760654331,
878,1.6613138914108276,1406400.0,23500.802483081818,1720345516.195131,0.0008813905448890972,
879,1.669273018836975,1408000.0,23729.209971666336,1720345744.6026196,0.0008810757598029093,5.191232204437256
880,1.6824896335601807,1409600.0,23733.807957172394,1720345749.2006052,0.0008807606211430452,
881,1.6713714599609375,1411200.0,23738.401819705963,1720345753.7944677,0.0008804451292460585,
882,1.6570929288864136,1412800.0,23743.00292634964,1720345758.3955743,0.0008801292844488801,
883,1.6372625827789307,1414400.0,23747.59114909172,1720345762.983797,0.0008798130870888178,
884,1.6335744857788086,1416000.0,23752.18889951706,1720345767.5815475,0.0008794965375035557,
885,1.63067626953125,1417600.0,23756.786012411118,1720345772.1786604,0.0008791796360311542,
886,1.5761946439743042,1419200.0,23761.38081717491,1720345776.7734652,0.0008788623830100496,
887,1.6484793424606323,1420800.0,23765.973139047623,1720345781.365787,0.0008785447787790534,
888,1.6533478498458862,1422400.0,23770.56489777565,1720345785.9575458,0.0008782268236773521,
889,1.640386939048767,1424000.0,23999.068858623505,1720346014.4615066,0.0008779085180445076,5.215489864349365
890,1.5941530466079712,1425600.0,24003.660155296326,1720346019.0528033,0.0008775898622204554,
891,1.6234855651855469,1427200.0,24008.241871118546,1720346023.634519,0.0008772708565455054,
892,1.609768271446228,1428800.0,24012.812400579453,1720346028.2050486,0.0008769515013603407,
893,1.5547122955322266,1430400.0,24017.386341810226,1720346032.7789898,0.0008766317970060182,
894,1.6102886199951172,1432000.0,24021.96108365059,1720346037.3537316,0.0008763117438239673,
895,1.595615267753601,1433600.0,24026.52761030197,1720346041.9202583,0.0008759913421559901,
896,1.5550706386566162,1435200.0,24031.091687440872,1720346046.4843354,0.0008756705923442608,
897,1.5304020643234253,1436800.0,24035.650465011597,1720346051.043113,0.0008753494947313256,
898,1.5272644758224487,1438400.0,24040.22124838829,1720346055.6138964,0.0008750280496601018,
899,1.515853762626648,1440000.0,24268.78803706169,1720346284.180685,0.000874706257473878,5.246979713439941
900,1.5392749309539795,1441600.0,24273.395380973816,1720346288.788029,0.0008743841185163135,
901,1.5025686025619507,1443200.0,24277.9852976799,1720346293.3779457,0.0008740616331314378,
902,1.5609899759292603,1444800.0,24282.57771420479,1720346297.9703622,0.0008737388016636505,
903,1.485997200012207,1446400.0,24287.157812595367,1720346302.5504606,0.0008734156244577208,
904,1.494977355003357,1448000.0,24291.733471870422,1720346307.1261199,0.0008730921018587869,
905,1.4854233264923096,1449600.0,24296.301218509674,1720346311.6938665,0.0008727682342123563,
906,1.484539270401001,1451200.0,24300.864515542984,1720346316.2571635,0.0008724440218643045,
907,1.4775737524032593,1452800.0,24305.424659252167,1720346320.8173072,0.0008721194651608756,
908,1.4615658521652222,1454400.0,24309.99493932724,1720346325.3875873,0.000871794564448681,
909,1.4799389839172363,1456000.0,24538.640897750854,1720346554.0335457,0.0008714693200747,5.343103885650635
910,1.400541067123413,1457600.0,24543.24138021469,1720346558.6340282,0.0008711437323862783,
911,1.4742279052734375,1459200.0,24547.837569713593,1720346563.2302177,0.0008708178017311287,
912,1.481838583946228,1460800.0,24552.42173266411,1720346567.8143806,0.0008704915284573302,
913,1.4588909149169922,1462400.0,24556.997295856476,1720346572.3899438,0.0008701649129133276,
914,1.4367910623550415,1464000.0,24561.572736263275,1720346576.9653842,0.0008698379554479312,
915,1.392837405204773,1465600.0,24566.13107895851,1720346581.523727,0.0008695106564103167,
916,1.4119161367416382,1467200.0,24570.695633411407,1720346586.0882814,0.0008691830161500242,
917,1.3913654088974,1468800.0,24575.27343225479,1720346590.6660802,0.0008688550350169585,
918,1.4626034498214722,1470400.0,24579.871715068817,1720346595.264363,0.0008685267133613885,
919,1.403713345527649,1472000.0,24808.27104949951,1720346823.6636975,0.0008681980515339464,5.497182846069336
920,1.4316833019256592,1473600.0,24812.862946271896,1720346828.2555943,0.0008678690498856281,
921,1.3677343130111694,1475200.0,24817.45563697815,1720346832.848285,0.000867539708767792,
922,1.434874176979065,1476800.0,24822.05259847641,1720346837.4452465,0.0008672100285321595,
923,1.3754463195800781,1478400.0,24826.64747095108,1720346842.040119,0.0008668800095308137,
924,1.3920377492904663,1480000.0,24831.24050140381,1720346846.6331494,0.0008665496521161999,
925,1.38188636302948,1481600.0,24835.832134962082,1720346851.224783,0.0008662189566411246,
926,1.4045425653457642,1483200.0,24840.417996644974,1720346855.8106446,0.0008658879234587552,
927,1.413573145866394,1484800.0,24845.006819486618,1720346860.3994675,0.0008655565529226199,
928,1.3565715551376343,1486400.0,24849.586348056793,1720346864.978996,0.0008652248453866073,
929,1.3565380573272705,1488000.0,25078.15233874321,1720347093.5449867,0.0008648928012049659,5.492414474487305
930,1.3261481523513794,1489600.0,25082.751533985138,1720347098.144182,0.0008645604207323032,
931,1.350793480873108,1491200.0,25087.3462870121,1720347102.738935,0.0008642277043235868,
932,1.301601767539978,1492800.0,25091.932570934296,1720347107.325219,0.000863894652334142,
933,1.3449419736862183,1494400.0,25096.513196229935,1720347111.9058442,0.0008635612651196534,
934,1.2788596153259277,1496000.0,25101.087347745895,1720347116.4799957,0.000863227543036163,
935,1.3453129529953003,1497600.0,25105.643948554993,1720347121.0365965,0.0008628934864400705,
936,1.2477167844772339,1499200.0,25110.2201898098,1720347125.6128378,0.0008625590956881331,
937,1.3078765869140625,1500800.0,25114.792077064514,1720347130.184725,0.0008622243711374649,
938,1.251132845878601,1502400.0,25119.358951091766,1720347134.751599,0.0008618893131455362,
939,1.2988605499267578,1504000.0,25347.835537672043,1720347363.2281857,0.0008615539220701733,5.579204082489014
940,1.2692654132843018,1505600.0,25352.42820572853,1720347367.8208537,0.0008612181982695588,
941,1.3692865371704102,1507200.0,25357.01550745964,1720347372.4081554,0.00086088214210223,
942,1.2563152313232422,1508800.0,25361.59215116501,1720347376.9847991,0.0008605457539270796,
943,1.3289644718170166,1510400.0,25366.172217845917,1720347381.5648658,0.0008602090341033546,
944,1.3022692203521729,1512000.0,25370.753359556198,1720347386.1460075,0.0008598719829906563,
945,1.3051584959030151,1513600.0,25375.334721803665,1720347390.7273698,0.0008595346009489398,
946,1.3109153509140015,1515200.0,25379.919526338577,1720347395.3121743,0.0008591968883385135,
947,1.2849743366241455,1516800.0,25384.501566886902,1720347399.8942149,0.0008588588455200391,
948,1.288378357887268,1518400.0,25389.084967136383,1720347404.477615,0.0008585204728545304,
949,1.2514976263046265,1520000.0,25617.57131409645,1720347632.963962,0.0008581817707033542,5.618605136871338
950,1.2328341007232666,1521600.0,25622.16477560997,1720347637.5574236,0.0008578427394282289,
951,1.2809730768203735,1523200.0,25626.745029449463,1720347642.1376774,0.0008575033793912238,
952,1.2948570251464844,1524800.0,25631.31841301918,1720347646.711061,0.0008571636909547603,
953,1.2618703842163086,1526400.0,25635.89481663704,1720347651.2874646,0.0008568236744816098,
954,1.2583903074264526,1528000.0,25640.47311091423,1720347655.865759,0.0008564833303348943,
955,1.262441635131836,1529600.0,25645.054216861725,1720347660.4468648,0.0008561426588780856,
956,1.2703136205673218,1531200.0,25649.632817029953,1720347665.025465,0.0008558016604750053,
957,1.1837817430496216,1532800.0,25654.21627521515,1720347669.6089232,0.0008554603354898239,
958,1.2349478006362915,1534400.0,25658.801604509354,1720347674.1942525,0.0008551186842870607,
959,1.2053422927856445,1536000.0,25887.511662244797,1720347902.9043102,0.0008547767072315835,5.695751667022705
960,1.205926775932312,1537600.0,25892.117037773132,1720347907.5096858,0.0008544344046886083,
961,1.1946133375167847,1539200.0,25896.712418556213,1720347912.1050665,0.000854091777023698,
962,1.1872485876083374,1540800.0,25901.30020880699,1720347916.6928568,0.0008537488246027636,
963,1.1425807476043701,1542400.0,25905.878508090973,1720347921.271156,0.0008534055477920624,
964,1.1486481428146362,1544000.0,25910.45916414261,1720347925.8518121,0.0008530619469581981,
965,1.1399497985839844,1545600.0,25915.038798570633,1720347930.4314466,0.0008527180224681206,
966,1.2034791707992554,1547200.0,25919.61600971222,1720347935.0086577,0.0008523737746891257,
967,1.1173369884490967,1548800.0,25924.185626983643,1720347939.578275,0.0008520292039888538,
968,1.1575243473052979,1550400.0,25928.761926174164,1720347944.1545742,0.0008516843107352909,
969,1.1546897888183594,1552000.0,26157.36918926239,1720348172.7618372,0.0008513390952967668,5.797905445098877
970,1.1615089178085327,1553600.0,26161.965351581573,1720348177.3579996,0.0008509935580419559,
971,1.0996917486190796,1555200.0,26166.55910038948,1720348181.9517484,0.000850647699339876,
972,1.1196582317352295,1556800.0,26171.159750699997,1720348186.5523987,0.0008503015195598884,
973,1.1030582189559937,1558400.0,26175.75397491455,1720348191.146623,0.0008499550190716971,
974,1.1149399280548096,1560000.0,26180.355110406876,1720348195.7477584,0.0008496081982453486,
975,1.09860098361969,1561600.0,26184.95542192459,1720348200.34807,0.0008492610574512317,
976,1.0882058143615723,1563200.0,26189.558814048767,1720348204.951462,0.0008489135970600768,
977,1.0696141719818115,1564800.0,26194.156001091003,1720348209.548649,0.0008485658174429555,
978,1.0444782972335815,1566400.0,26198.751168489456,1720348214.1438165,0.0008482177189712806,
979,1.0583513975143433,1568000.0,26427.364635944366,1720348442.757284,0.0008478693020168049,5.868058204650879
980,1.024695873260498,1569600.0,26431.954832077026,1720348447.34748,0.0008475205669516222,
981,1.0156782865524292,1571200.0,26436.540877103806,1720348451.933525,0.0008471715141481651,
982,0.9790758490562439,1572800.0,26441.11762547493,1720348456.5102735,0.0008468221439792058,
983,1.036588430404663,1574400.0,26445.69641327858,1720348461.0890613,0.000846472456817856,
984,0.9701880812644958,1576000.0,26450.261647939682,1720348465.654296,0.0008461224530375654,
985,1.0714024305343628,1577600.0,26454.823877811432,1720348470.2165258,0.0008457721330121218,
986,1.0120662450790405,1579200.0,26459.39284157753,1720348474.7854896,0.0008454214971156508,
987,1.0284756422042847,1580800.0,26463.95988368988,1720348479.3525317,0.0008450705457226155,
988,1.055704951286316,1582400.0,26468.528764009476,1720348483.921412,0.0008447192792078159,
989,0.9588325619697571,1584000.0,26697.00744700432,1720348712.400095,0.0008443676979463885,5.952921390533447
990,1.0411019325256348,1585600.0,26701.597848415375,1720348716.9904964,0.0008440158023138057,
991,0.9800468683242798,1587200.0,26706.192274332047,1720348721.5849223,0.0008436635926858759,
992,1.0423794984817505,1588800.0,26710.789560079575,1720348726.182208,0.0008433110694387429,
993,0.9759692549705505,1590400.0,26715.385461568832,1720348730.7781096,0.0008429582329488853,
994,0.9945681691169739,1592000.0,26719.98349404335,1720348735.376142,0.0008426050835931161,
995,0.9805087447166443,1593600.0,26724.586277723312,1720348739.9789257,0.0008422516217485825,
996,0.9453285336494446,1595200.0,26729.189032554626,1720348744.5816805,0.000841897847792766,
997,0.9814753532409668,1596800.0,26733.78918504715,1720348749.181833,0.0008415437621034802,
998,1.0457388162612915,1598400.0,26738.379378080368,1720348753.772026,0.0008411893650588729,
999,0.9612078070640564,1600000.0,26966.8925011158,1720348982.285149,0.0008408346570374233,6.103498458862305
1000,0.9917978644371033,1601600.0,26974.817288398743,1720348990.2099364,0.0008404796384179438,
1001,0.9578682780265808,1603200.0,26979.394338607788,1720348994.7869866,0.0008401243095795776,
1002,1.032603144645691,1604800.0,26983.97422671318,1720348999.3668747,0.0008397686709017996,
1003,1.014116644859314,1606400.0,26988.53831911087,1720349003.930967,0.0008394127227644156,
1004,0.9806151390075684,1608000.0,26993.103633880615,1720349008.4962819,0.0008390564655475617,
1005,0.9778162837028503,1609600.0,26997.67095041275,1720349013.0635984,0.0008386998996317044,
1006,0.9683707356452942,1611200.0,27002.228232383728,1720349017.6208804,0.0008383430253976395,
1007,0.9416115880012512,1612800.0,27006.792095661163,1720349022.1847436,0.0008379858432264925,
1008,0.9458627700805664,1614400.0,27011.34760403633,1720349026.740252,0.0008376283534997172,
1009,0.9429473876953125,1616000.0,27239.796239376068,1720349255.1888874,0.0008372705565990966,6.098593235015869
1010,0.9091667532920837,1617600.0,27244.387219905853,1720349259.779868,0.0008369124529067409,
1011,0.875216007232666,1619200.0,27248.97053551674,1720349264.3631835,0.0008365540428050887,
1012,0.8607853055000305,1620800.0,27253.547034025192,1720349268.939682,0.0008361953266769052,
1013,0.8580276370048523,1622400.0,27258.121321201324,1720349273.5139692,0.0008358363049052829,
1014,0.8463116884231567,1624000.0,27262.685490131378,1720349278.078138,0.0008354769778736405,
1015,0.8781172037124634,1625600.0,27267.243607997894,1720349282.636256,0.0008351173459657228,
1016,0.8230563998222351,1627200.0,27271.81306743622,1720349287.2057154,0.0008347574095656001,
1017,0.8895632028579712,1628800.0,27276.37507534027,1720349291.7677233,0.0008343971690576676,
1018,0.8283705711364746,1630400.0,27280.938250780106,1720349296.3308988,0.0008340366248266461,
1019,0.9182793498039246,1632000.0,27509.34271478653,1720349524.7353628,0.0008336757772575798,6.1269850730896
1020,0.8692240118980408,1633600.0,27513.927137851715,1720349529.3197858,0.0008333146267358376,
1021,0.973983883857727,1635200.0,27518.508513450623,1720349533.9011614,0.0008329531736471115,
1022,0.8899931907653809,1636800.0,27523.091111183167,1720349538.4837592,0.000832591418377417,
1023,0.8825858235359192,1638400.0,27527.676705121994,1720349543.069353,0.0008322293613130917,
1024,0.9087966084480286,1640000.0,27532.25989317894,1720349547.6525412,0.0008318670028407961,
1025,0.8903734087944031,1641600.0,27536.844807863235,1720349552.2374558,0.0008315043433475123,
1026,0.8545680046081543,1643200.0,27541.45944571495,1720349556.8520937,0.000831141383220544,
1027,0.9195860028266907,1644800.0,27546.039026737213,1720349561.4316747,0.000830778122847516,
1028,0.8944314122200012,1646400.0,27550.623889923096,1720349566.016538,0.0008304145626163735,
1029,0.8733736276626587,1648000.0,27779.224833488464,1720349794.6174815,0.0008300507029153823,6.164204120635986
1030,0.8875299692153931,1649600.0,27783.832817792892,1720349799.2254658,0.0008296865441331273,
1031,0.850389301776886,1651200.0,27788.431572198868,1720349803.8242202,0.0008293220866585141,
1032,0.8372675776481628,1652800.0,27793.033955812454,1720349808.4266038,0.000828957330880766,
1033,0.8829237818717957,1654400.0,27797.638251543045,1720349813.0308995,0.0008285922771894254,
1034,0.8400008082389832,1656000.0,27802.239913463593,1720349817.6325614,0.0008282269259743529,
1035,0.9035054445266724,1657600.0,27806.84359574318,1720349822.2362437,0.0008278612776257269,
1036,0.8228759765625,1659200.0,27811.438815116882,1720349826.831463,0.000827495332534043,
1037,0.8659868240356445,1660800.0,27816.02320075035,1720349831.4158487,0.0008271290910901137,
1038,0.8370987772941589,1662400.0,27820.594370365143,1720349835.9870183,0.0008267625536850678,
1039,0.8211283087730408,1664000.0,28049.145750522614,1720350064.5383985,0.0008263957207103506,6.325137615203857
1040,0.7978919148445129,1665600.0,28053.74899673462,1720350069.1416447,0.0008260285925577228,
1041,0.7576837539672852,1667200.0,28058.350102186203,1720350073.7427502,0.0008256611696192604,
1042,0.809449315071106,1668800.0,28062.95018339157,1720350078.3428314,0.0008252934522873539,
1043,0.7699019312858582,1670400.0,28067.54367518425,1720350082.9363232,0.000824925440954709,
1044,0.834720253944397,1672000.0,28072.12997317314,1720350087.5226212,0.0008245571360143445,
1045,0.7964563965797424,1673600.0,28076.719201803207,1720350092.1118498,0.0008241885378595932,
1046,0.7849686145782471,1675200.0,28081.307627916336,1720350096.700276,0.0008238196468841011,
1047,0.7490580677986145,1676800.0,28085.893548965454,1720350101.286197,0.0008234504634818266,
1048,0.7698389887809753,1678400.0,28090.47778391838,1720350105.870432,0.0008230809880470407,
1049,0.7673313021659851,1680000.0,28319.512282133102,1720350334.90493,0.000822711220974326,6.403400421142578
1050,0.759673535823822,1681600.0,28324.11623930931,1720350339.5088873,0.000822341162658577,
1051,0.7249772548675537,1683200.0,28328.71867084503,1720350344.1113188,0.0008219708134949988,
1052,0.7276811599731445,1684800.0,28333.31721353531,1720350348.7098615,0.0008216001738791072,
1053,0.7107517123222351,1686400.0,28337.91603565216,1720350353.3086836,0.0008212292442067283,
1054,0.6928049325942993,1688000.0,28342.515619039536,1720350357.908267,0.000820858024873998,
1055,0.668252170085907,1689600.0,28347.113416194916,1720350362.5060642,0.0008204865162773613,
1056,0.7233690619468689,1691200.0,28351.715423583984,1720350367.1080716,0.0008201147188135725,
1057,0.6771957278251648,1692800.0,28356.30609703064,1720350371.698745,0.000819742632879694,
1058,0.6809033751487732,1694400.0,28360.89632177353,1720350376.2889698,0.0008193702588730965,
1059,0.6850021481513977,1696000.0,28589.432554483414,1720350604.8252025,0.0008189975971914584,6.450620174407959
1060,0.6764499545097351,1697600.0,28594.023685216904,1720350609.4163332,0.0008186246482327651,
1061,0.6483590602874756,1699200.0,28598.613990545273,1720350614.0066385,0.0008182514123953091,
1062,0.6793641448020935,1700800.0,28603.202336788177,1720350618.5949848,0.0008178778900776888,
1063,0.6299226880073547,1702400.0,28607.795884132385,1720350623.188532,0.0008175040816788092,
1064,0.7227188348770142,1704000.0,28612.388840913773,1720350627.781489,0.0008171299875978801,
1065,0.6946016550064087,1705600.0,28616.977261066437,1720350632.369909,0.000816755608234417,
1066,0.6446539163589478,1707200.0,28621.55697798729,1720350636.949626,0.0008163809439882399,
1067,0.6528518199920654,1708800.0,28626.13538837433,1720350641.5280364,0.0008160059952594727,
1068,0.6514061689376831,1710400.0,28630.701439619064,1720350646.0940876,0.0008156307624485437,
1069,0.6251038312911987,1712000.0,28859.228343963623,1720350874.620992,0.0008152552459561841,6.6660027503967285
1070,0.6335310935974121,1713600.0,28863.82448196411,1720350879.21713,0.0008148794461834282,
1071,0.6537731289863586,1715200.0,28868.416769981384,1720350883.809418,0.000814503363531613,
1072,0.6111292839050293,1716800.0,28873.014268636703,1720350888.4069166,0.0008141269984023774,
1073,0.6283814311027527,1718400.0,28877.604150295258,1720350892.9967983,0.0008137503511976618,
1074,0.5863332152366638,1720000.0,28882.204066991806,1720350897.596715,0.0008133734223197084,
1075,0.6570447087287903,1721600.0,28886.798112630844,1720350902.1907606,0.00081299621217106,
1076,0.6478868722915649,1723200.0,28891.398346185684,1720350906.7909942,0.0008126187211545593,
1077,0.6267776489257812,1724800.0,28895.998073339462,1720350911.3907213,0.0008122409496733495,
