Step,1.2B,1.4B,1B,0.8B,0.5B,0.2B
5,10.804527282714844,10.80101490020752,10.808282852172852,10.810267448425293,10.813263893127441,10.809123039245605
10,9.851856231689453,9.682203293,9.748273849487305,9.644111633300781,9.622541427612305,9.658595085144043
15,9.183165550231934,9.154930114746094,9.148889541625977,9.166378975,9.095467567443848,9.179560661315918
20,8.645088195800781,8.60406208,8.643399238586426,8.600461959838867,8.599407196044922,8.610301018
25,8.296676635742188,8.284285545349121,8.307188987731934,8.283964157104492,8.257318496704102,8.289514541625977
30,8.084066390991211,8.069012641906738,8.086139678955078,8.034919738769531,8.141711235046387,8.130681037902832
35,7.910881519317627,7.840241909,7.8486619,7.85741663,7.855522632598877,7.845790386199951
40,7.677300930023193,7.676308631896973,7.662426948547363,7.663442611694336,7.675753593444824,7.731925010681152
45,7.545621871948242,7.518867015838623,7.5417351722717285,7.546313762664795,7.5505547523498535,7.577178955078125
50,7.419859409332275,7.403904438018799,7.404592990875244,7.402985572814941,7.431255340576172,7.417435646057129
55,7.301203251,7.269179821014404,7.272388458251953,7.309291362762451,7.3147807121276855,7.304655075073242
60,7.206880569458008,7.131551265716553,7.161920070648193,7.234121799468994,7.202845573425293,7.191685676574707
65,7.123936653137207,7.0506205558776855,7.113485813140869,7.124945163726807,7.118964672088623,7.129770755767822
70,7.015880584716797,6.912314414978027,6.983765125274658,7.010782241821289,7.025892734527588,6.985981464385986
75,6.893427848815918,6.819062232971191,6.877042770385742,6.938558578491211,6.880620956420898,6.893671035766602
80,6.812073707580566,6.739784240722656,6.779362678527832,6.794952869415283,6.8156538009643555,6.856615067
85,6.696345806121826,6.694274902,6.692882061004639,6.705010414123535,6.728604793548584,6.736946105957031
90,6.641536235809326,6.605078220367432,6.612816333770752,6.6171112060546875,6.646703720092773,6.648888588
95,6.521605968475342,6.536836624145508,6.680796146392822,6.571781635284424,6.613002300262451,6.583072185516357
100,6.443212985992432,6.448075294494629,6.469992160797119,6.482223033905029,6.483309268951416,6.458751201629639
105,6.445810317993164,6.345612525939941,6.383018970489502,6.394971848,6.398013591766357,6.446820259094238
110,6.380358695983887,6.327695846557617,6.311830043792725,6.345836639404297,6.354269027709961,6.332245826721191
115,6.230889797210693,6.182497501373291,6.232523441314697,6.249993324279785,6.2522807121276855,6.219110488891602
120,6.156785965,6.156888484954834,6.138283729553223,6.160979270935059,6.179965496063232,6.1902642250061035
125,6.067229747772217,6.122546672821045,6.081601619720459,6.173983097076416,6.138634682,6.187437534332275
130,6.010677814483643,6.044493198394775,6.022201061248779,6.060676574707031,6.010305404663086,6.076261043548584
135,6.0116777420043945,5.945859432220459,5.922878265380859,5.93951416,5.967418670654297,5.963270664215088
140,5.9139790534973145,5.863957405090332,5.862761497497559,5.915494918823242,5.944968223571777,5.960157394
145,5.806863307952881,5.788995265960693,5.808286190032959,5.885490894317627,5.835216522216797,5.8946404457092285
150,5.894974708557129,5.815083980560303,5.782364368438721,5.794945717,5.7495808601379395,5.768499851226807
155,5.787347793579102,5.647235394,5.725986480712891,5.676373481750488,5.681695461273193,5.781641960144043
160,5.737049579620361,5.579273223876953,5.660588264465332,5.6454901695251465,5.655270099639893,5.701763153076172
165,5.597926139831543,5.612992286682129,5.548037528991699,5.591446399688721,5.5813117027282715,5.597949981689453
170,5.492082595825195,5.4853105545043945,5.446719169616699,5.518233776092529,5.488607883453369,5.509252548217773
175,5.553511142730713,5.379267692565918,5.442143917,5.439897060394287,5.4363884925842285,5.517874717712402
180,5.471859455108643,5.338230133056641,5.404905796051025,5.3766374588012695,5.396098613739014,5.405904293060303
185,5.378990650177002,5.300383567810059,5.321418285369873,5.314040184020996,5.325626373291016,5.325357437133789
190,5.279371262,5.246648788452148,5.2801103591918945,5.281395912,5.224676609039307,5.302730560302734
195,5.192309856414795,5.171886920928955,5.201376914978027,5.200611114501953,5.166098117828369,5.259302139282227
200,5.220862865447998,5.049330711364746,5.094121456,5.116332530975342,5.095150947570801,5.123046875
205,5.191287040710449,4.9644694328308105,5.044831753,5.099907398223877,5.098686695098877,5.033583164215088
210,5.092282295227051,4.925315856933594,4.972415924072266,5.049556255340576,4.997290611,5.032802581787109
215,4.969274997711182,4.956748962402344,4.916719913482666,4.931940556,4.888486862182617,4.9435319900512695
220,4.920046329498291,4.8062520027160645,4.810347080230713,4.852123737335205,4.7870073318481445,4.819062232971191
225,4.864228248596191,4.710761547088623,4.738904953,4.7962117195129395,4.6911821365356445,4.746096134185791
230,4.775572776794434,4.621890068054199,4.633337020874023,4.7340779304504395,4.709484577178955,4.734442234039307
235,4.680361270904541,4.536307334899902,4.600007534,4.695668697357178,4.678639888763428,4.636692523956299
240,4.597931385040283,4.511953830718994,4.521142959594727,4.587230205535889,4.5746684074401855,4.540811061859131
245,4.573274136,4.430973052978516,4.449445724487305,4.5011677742004395,4.468133449554443,4.449389934539795
250,4.467555522918701,4.357031822,4.412987709,4.451998233795166,4.371927261352539,4.4201250076293945
255,4.396356582641602,4.2855730056762695,4.348922252655029,4.367442607879639,4.338135719299316,4.354279995
260,4.3379902839660645,4.258427619934082,4.267768383026123,4.311736583709717,4.372109889984131,4.292140007019043
265,4.291204452514648,4.2388834953308105,4.261930465698242,4.272703170776367,4.316857814788818,4.271732807159424
270,4.246072292327881,4.192327976226807,4.1826300621032715,4.273958683013916,4.229075908660889,4.244857311248779
275,4.193958282470703,4.142883301,4.1292009353637695,4.214698314666748,4.161600589752197,4.208134174346924
280,4.161605358123779,4.080805302,4.097405433654785,4.126984119415283,4.1538286209106445,4.155248165130615
285,4.1072282791137695,4.029016971588135,4.0639777183532715,4.0720977783203125,4.103219985961914,4.0797247886657715
290,4.0892744064331055,4.023828983306885,4.072403907775879,4.0420098304748535,4.059092044830322,4.069243431091309
295,4.043528079986572,4.0137152671813965,3.9990601539611816,4.038095474243164,4.011722564697266,4.036619186401367
300,3.991913080215454,3.978846549987793,3.956787109,4.031870365142822,3.991835355758667,3.9859724044799805
305,3.9613468647003174,3.933159828186035,3.930698871612549,3.9785845279693604,3.9445295333862305,3.9536375999450684
310,3.934495687484741,3.8819427490234375,3.9279356002807617,3.9205331802368164,3.909062385559082,3.9708805084228516
315,3.9014322757720947,3.8482329845428467,3.8880650997161865,3.8907527923583984,3.896493673324585,3.969913959503174
320,3.886664628982544,3.8323028087615967,3.841163396835327,3.8739712238311768,3.8677926063537598,3.906447172164917
325,3.866955041885376,3.8474793434143066,3.7989895343780518,3.836923122406006,3.8690268993377686,3.870849132537842
330,3.8161051273345947,3.813222646713257,3.76257062,3.812478542327881,3.8480591773986816,3.8214335441589355
335,3.787221908569336,3.763733148574829,3.7730391025543213,3.8136074542999268,3.801647186279297,3.811339855194092
340,3.745274066925049,3.727161407470703,3.8819456100463867,3.7580950260162354,3.7620253562927246,3.791585683822632
345,3.754439353942871,3.720613479614258,3.8739988803863525,3.7218306064605713,3.7325565814971924,3.776442289352417
350,3.7385921478271484,3.711005210876465,3.7937211990356445,3.738314390182495,3.7281484603881836,3.7505481243133545
355,3.7295689582824707,3.699084520339966,3.7384891510009766,3.696791410446167,3.7304329872131348,3.7221291065216064
360,3.695953845977783,3.6867318153381348,3.6965508460998535,3.691115617752075,3.6905064582824707,3.6891322135925293
365,3.6501269340515137,3.6425232887268066,3.645895243,3.6527669429779053,3.6607651710510254,3.7104485034942627
370,3.6456422805786133,3.624164104,3.6272997856140137,3.6254448890686035,3.6343791484832764,3.746638059616089
375,3.6352128982543945,3.588322639465332,3.634960889816284,3.6040542125701904,3.6084580421447754,3.776719570159912
380,3.6127583980560303,3.567091703414917,3.7130424976348877,3.654014825820923,3.5896096229553223,3.717242479324341
385,3.5946640968322754,3.5789899826049805,3.6679909229278564,3.628861189,3.618751287460327,3.6637704372406006
390,3.5742881298065186,3.560213804244995,3.660545587539673,3.586279869,3.6090149879455566,3.6220853328704834
395,3.5474326610565186,3.552616596221924,3.6025185585021973,3.550743341445923,3.5746636390686035,3.6035900115966797
400,3.5389292240142822,3.515563726425171,3.5620992183685303,3.5143606662750244,3.5596725940704346,3.587524652481079
405,3.540471076965332,3.494595766067505,3.5432426929473877,3.5411386489868164,3.5470402240753174,3.5752382278442383
410,3.508108377456665,3.4940433502197266,3.520298719406128,3.5166444778442383,3.5195653438568115,3.5556375980377197
415,3.4847376346588135,3.4837377071380615,3.508080005645752,3.497129201889038,3.503980875015259,3.5541679859161377
420,3.4703495502471924,3.470028877258301,3.4978787899017334,3.4825618267059326,3.4776980876922607,3.5686233043670654
425,3.469761610031128,3.459761619567871,3.494797468185425,3.4641683101654053,3.4669272899627686,3.5950467586517334
430,3.4999263286590576,3.431070566177368,3.481776237487793,3.4465484619140625,3.4500725269317627,3.5464963912963867
435,3.464974880218506,3.422870635986328,3.4638850688934326,3.439819336,3.436788320541382,3.520540237426758
440,3.431757688522339,3.404949188232422,3.449152946472168,3.4167916774749756,3.4262137413024902,3.5026865005493164
445,3.4078314304351807,3.3893697261810303,3.424417495727539,3.405836820602417,3.433724880218506,3.497716188430786
450,3.3958001136779785,3.401808023452759,3.4165866374969482,3.425492048,3.450113534927368,3.485987901687622
455,3.3770368099212646,3.3874478340148926,3.414780616760254,3.4365413188934326,3.418929100036621,3.473803997039795
460,3.3831207752227783,3.366802930831909,3.393524408340454,3.4316258430480957,3.394770860671997,3.482323169708252
465,3.3848254680633545,3.352508783340454,3.3734641075134277,3.403986930847168,3.381298065185547,3.498293876647949
470,3.367544174194336,3.332735538482666,3.374445915222168,3.362877846,3.3568310737609863,3.4945874214172363
475,3.345769166946411,3.3169407844543457,3.3764517307281494,3.342280864715576,3.359893798828125,3.477205991744995
480,3.3228743076324463,3.310772180557251,3.3752851486206055,3.3315839767456055,3.3506157398223877,3.4514777660369873
485,3.327634811401367,3.3165996074676514,3.3629579544067383,3.327143430709839,3.3410768508911133,3.430032730102539
490,3.3236985206604004,3.304319381713867,3.3385632038116455,3.332623243331909,3.344191074371338,3.420802593231201
495,3.2959201335906982,3.291762351989746,3.321552276611328,3.309133529663086,3.326629638671875,3.433122396469116
500,3.300807237625122,3.2911744117736816,3.3071582317352295,3.299436092376709,3.3085439205169678,3.4362142086029053
505,3.297128200531006,3.283724546432495,3.308060408,3.2854368686676025,3.2995073795318604,3.419886350631714
510,3.2802464962005615,3.302992105484009,3.3035848140716553,3.282153367996216,3.2971038818359375,3.4286627769470215
515,3.267096757888794,3.3280413150787354,3.299403190612793,3.2882847785949707,3.2948195934295654,3.4251129627227783
520,3.2601187229156494,3.283803939819336,3.275561571121216,3.26308012,3.284630060195923,3.4099907875061035
525,3.241766929626465,3.262288808822632,3.264681577682495,3.249943971633911,3.274567127227783,3.4056432247161865
530,3.2454566955566406,3.2388808727264404,3.2587897777557373,3.2505006790161133,3.257734775543213,3.404099464416504
535,3.236111640930176,3.2203736305236816,3.2541561126708984,3.2392380237579346,3.2529637813568115,3.464322566986084
540,3.2210142612457275,3.2186012268066406,3.2412450313568115,3.241220712661743,3.259626626968384,3.461916208267212
545,3.2276837825775146,3.2391695976257324,3.237089157104492,3.2340104579925537,3.2469570636749268,3.4285454750061035
550,3.219480037689209,3.211484432220459,3.2358434200286865,3.216505765914917,3.2361440658569336,3.4018001556396484
555,3.210503339767456,3.1998589038848877,3.224482297897339,3.220174789428711,3.2442030906677246,3.3930225372314453
560,3.1994454860687256,3.186110734939575,3.2172343730926514,3.2147557735443115,3.2480220794677734,3.3896682262420654
565,3.189140558242798,3.181931257247925,3.203364610671997,3.195012331008911,3.2216663360595703,3.3873841762542725
570,3.1791861057281494,3.1748528480529785,3.2098352909088135,3.1803665161132812,3.210980176925659,3.399745464324951
575,3.173987627029419,3.1670334339141846,3.194901228,3.1939635276794434,3.202186107635498,3.4017529487609863
580,3.168344020843506,3.168268918991089,3.177467107772827,3.1874306201934814,3.1976375579833984,3.405660868
585,3.171473264694214,3.1600167751312256,3.172866106033325,3.171896457672119,3.2047526836395264,3.4045801162719727
590,3.160022735595703,3.1517813205718994,3.1731178760528564,3.1674208641052246,3.2214596271514893,3.4071390628814697
595,3.150407552719116,3.1368720531463623,3.1611437797546387,3.152237892150879,3.200310230255127,3.3906776905059814
600,3.1477694511413574,3.1329171657562256,3.154555082321167,3.149307966,3.186717987060547,3.397507667541504
605,3.140188217163086,3.130326509475708,3.1510047912597656,3.1464836597442627,3.173495292663574,3.401383162
610,3.1372287273406982,3.137399435043335,3.1458280086517334,3.1348798274993896,3.169849157333374,3.4100496768951416
615,3.128032922744751,3.128135919570923,3.148143768310547,3.142960786819458,3.169116497039795,3.412766218185425
620,3.131089925765991,3.1172845363616943,3.1294589042663574,3.1271965503692627,3.1611011028289795,3.409574508666992
625,3.1206777095794678,3.107957363128662,3.125704050064087,3.1202895641326904,3.1596219539642334,3.416829824447632
630,3.114044189453125,3.1037776470184326,3.119478464126587,3.1369693279266357,3.154348611831665,3.419963836669922
635,3.1084182262420654,3.0873684883117676,3.116689443588257,3.127835273742676,3.144329071044922,3.423064708709717
640,3.100381851196289,3.0985395908355713,3.112818717956543,3.114501476287842,3.137587785720825,3.4159491062164307
645,3.095512628555298,3.092937469482422,3.1126041412353516,3.122951030731201,3.147033452987671,3.4246461391448975
650,3.0837600231170654,3.080152750015259,3.0955686569213867,3.1065993309020996,3.142691135406494,3.4209530353546143
655,3.0840210914611816,3.072395086288452,3.0925095081329346,3.1052753925323486,3.133079767227173,3.4282779693603516
660,3.076267957687378,3.0770645141601562,3.0892138481140137,3.090766191482544,3.1362271308898926,3.438153028488159
665,3.076387643814087,3.071174383163452,3.0841894149780273,3.085570812225342,3.128619671,3.449979066848755
670,3.073207378387451,3.0672147274017334,3.0773239135742188,3.080213785171509,3.1216068267822266,3.4442994594573975
675,3.0707967281341553,3.0583066940307617,3.1085081100463867,3.078986644744873,3.1178205013275146,3.446777582168579
680,3.0658082962036133,3.0536305904388428,3.119262933731079,3.0802037715911865,3.1229758262634277,3.4670093059539795
685,3.054452657699585,3.0443499088287354,3.092106342315674,3.0692217350006104,3.11635685,3.473931312561035
690,3.0507636070251465,3.0421640872955322,3.0769615173339844,3.0644235610961914,3.115586280822754,3.476217508
695,3.0441832542419434,3.0422420501708984,3.067758321762085,3.0569605827331543,3.1052000522613525,3.4738504886627197
700,3.040440320968628,3.0314712524414062,3.051495313644409,3.0547385215759277,3.1069440841674805,3.4685869216918945
705,3.038074254989624,3.0333473682403564,3.055886745452881,3.067478895187378,3.1028645038604736,3.482727527618408
710,3.0399465560913086,3.0367751121520996,3.0553219318389893,3.053622245788574,3.094689130783081,3.4883615970611572
715,3.0347516536712646,3.031038761138916,3.0427889823913574,3.0436086654663086,3.096676826477051,3.4949347972869873
720,3.0254805088043213,3.0271034240722656,3.0372331142425537,3.0379199981689453,3.0906875133514404,3.5044000148773193
725,3.021399974822998,3.019413709640503,3.0352489948272705,3.038433552,3.0927326679229736,3.5089898109436035
730,3.0185983180999756,3.0078961849212646,3.032242774963379,3.040459394454956,3.0839951038360596,3.5178916454315186
735,3.009187698364258,3.008112668991089,3.026728868484497,3.0280539989471436,3.081050157546997,3.520793914794922
740,3.0136873722076416,3.003345251083374,3.0235464572906494,3.027095317840576,3.0826926231384277,3.528402567
745,3.0155394077301025,3.001643180847168,3.0218374729156494,3.0337767601013184,3.084228516,3.5416245460510254
750,2.9991018772125244,2.990948438644409,3.010972738265991,3.017634153366089,3.075740098953247,3.539083242416382
755,2.994600296020508,2.9954235553741455,3.0171985626220703,3.0148768424987793,3.076042652130127,3.5541460514068604
760,2.9969186782836914,2.985922098,3.008120298,3.0110113620758057,3.0713160037994385,3.5629770755767822
765,2.9966907501220703,2.986102819442749,3.017697811126709,3.010615110397339,3.070636034011841,3.572679042816162
770,2.987144708633423,2.9781301021575928,3.0157134532928467,3.0146892070770264,3.0737829208374023,3.5757408142089844
775,2.980581045150757,2.9736223220825195,3.0142629146575928,3.0049264430999756,3.0707926750183105,3.5822317600250244
780,2.992356777191162,2.9776053428649902,2.9995810985565186,2.999937057495117,3.063314199447632,3.587399482727051
785,2.9919166564941406,2.9784772396087646,2.9955081939697266,3.005552291870117,3.0673999786376953,3.601193428039551
790,2.975274085998535,2.9646730422973633,2.9968440532684326,2.993403196334839,3.063652753829956,3.6124250888824463
795,2.9689221382141113,2.959008217,3.0143840312957764,2.994028329849243,3.0746982097625732,3.622401237487793
800,2.964552640914917,2.9565813541412354,2.9919166564941406,2.988703727722168,3.065760374069214,3.6249349117279053
805,2.9691600799560547,2.9650566577911377,2.9839565753936768,2.9875168800354004,3.0590338706970215,3.6458301544189453
810,2.963141679763794,2.961488962173462,2.9785733222961426,2.9858694076538086,3.0545244216918945,3.6483938694000244
815,2.9586305618286133,2.9529430866241455,2.978097915649414,2.9813649654388428,3.0537056922912598,3.658942937850952
820,2.952277421951294,2.9532594680786133,2.969034194946289,2.9804651737213135,3.0477654933929443,3.6655025482177734
825,2.953049659729004,2.964268922805786,2.9716663360595703,2.976466655731201,3.0457916259765625,3.675419807434082
830,2.9541821479797363,2.952648401260376,2.966785430908203,2.977168321609497,3.0518596172332764,3.6836233139038086
835,2.9536962509155273,2.9461569786071777,2.965505838394165,2.9747772216796875,3.053701162338257,3.6902871131896973
840,2.945080041885376,2.943164110183716,2.964078426361084,2.9760217666625977,3.053633689880371,3.7022409439086914
845,2.9414286613464355,2.932340383529663,2.956084966659546,2.9705774784088135,3.044933557510376,3.7064876556396484
850,2.9404947757720947,2.9325716495513916,2.9587457180023193,2.9633708000183105,3.0446386337280273,3.722201347351074
855,2.9370975494384766,2.926927328109741,2.950110435,2.9569501876831055,3.041044235229492,3.730548143386841
860,2.928804874420166,2.9233758449554443,2.952414035797119,2.9544172286987305,3.0427191257476807,3.7403013706207275
865,2.937645912,2.928912401199341,2.9517223834991455,2.9616405963897705,3.0443167686462402,3.753533124923706
870,2.926626205444336,2.921199083328247,2.945629596710205,2.955977439880371,3.0462005138397217,3.7613232135772705
875,2.9229631423950195,2.9190657138824463,2.941169500350952,2.9537477493286133,3.041140556335449,3.7738358974456787
880,2.9238662719726562,2.9180688858032227,2.9421823024749756,2.9546844959259033,3.0373759269714355,3.7744882106781006
885,2.928906202316284,2.9149672985076904,2.940150737762451,2.9461557865142822,3.0383732318878174,3.795206308364868
890,2.924276113510132,2.913048744,2.9393389225006104,2.9440128803253174,3.0359396934509277,3.803891658782959
895,2.9169416427612305,2.9375360012054443,2.9358792304992676,2.939514636993408,3.0383150577545166,3.8141820430755615
900,2.9100680351257324,2.916273832321167,2.930591344833374,2.946948528289795,3.0333237648010254,3.8229663372039795
905,2.9087531566619873,2.9126625061035156,2.926790952682495,2.9380595684051514,3.0334506034851074,3.8345494270324707
910,2.9125311374664307,2.901050090789795,2.922300338745117,2.9362730979919434,3.031560182571411,3.842771053314209
915,2.9072704315185547,2.8941831588745117,2.9237024784088135,2.9308228492736816,3.0357329845428467,3.8449389934539795
920,2.930316686630249,2.890869141,2.9200170040130615,2.9273149967193604,3.0320794582366943,3.869353771209717
925,2.908562421798706,2.9024205207824707,2.9378130435943604,2.9313127994537354,3.0259411334991455,3.8743855953216553
930,2.8999249935150146,2.905731201171875,2.9298157691955566,2.929255723953247,3.035100221633911,3.8879013061523438
935,2.8995230197906494,2.902726650238037,2.9307782649993896,2.9331767559051514,3.0384674072265625,3.9062929153442383
940,2.8910911083221436,2.888714551925659,2.9128003120422363,2.922333002090454,3.0274367332458496,3.9012398719787598
945,2.8922998905181885,2.8824915885925293,2.9080355167388916,2.9236373901367188,3.0238726139068604,3.9182488918304443
950,2.887472629547119,2.8833260536193848,2.908104181289673,2.9229092597961426,3.0271551609039307,3.9272148609161377
955,2.8924243450164795,2.883213520050049,2.908127784729004,2.919545888900757,3.0292487144470215,3.941760778427124
960,2.8848378658294678,2.880397081375122,2.9065747261047363,2.9220175743103027,3.032902240753174,3.9600679874420166
965,2.886047124862671,2.8810606002807617,2.9038193225860596,2.9195051193237305,3.023153066635132,3.958958864212036
970,2.8794732093811035,2.8712079524993896,2.899522066116333,2.911926746368408,3.024564504623413,3.9797451496124268
975,2.8770253658294678,2.8704655170440674,2.8948745727539062,2.910768747329712,3.023672580718994,3.9947304725646973
980,2.8742034435272217,2.8738067150115967,2.8964731693267822,2.9146275520324707,3.0230109691619873,4.004197120666504
985,2.8768231868743896,2.8716025352478027,2.896488666534424,2.9148058891296387,3.0276246070861816,4.017039775848389
990,2.8757975101470947,2.8663485050201416,2.8934764862060547,2.908057213,3.032656192779541,4.023144245147705
995,2.8715507984161377,2.861793279647827,2.888051986694336,2.9059641361236572,3.0234687328338623,4.023988723754883
1000,2.8693926334381104,2.858104705810547,2.8841307163238525,2.9031155109405518,3.022277593612671,4.046023368835449
1005,2.866551637649536,2.855762004852295,2.889061450958252,2.9060442447662354,3.0219533443450928,4.0622429847717285
1010,2.8635754585266113,2.8566904067993164,2.8974509239196777,2.9062445163726807,3.0229339599609375,4.0662078857421875
1015,2.868978261947632,2.858048915863037,2.890042304992676,2.9034788608551025,3.024049997329712,4.080973148345947
1020,2.865889549255371,2.8590211868286133,2.8855955600738525,2.900752544403076,3.0351357460021973,4.095019340515137
1025,2.858516216278076,2.8492674827575684,2.8777904510498047,2.893963575363159,3.0251548290252686,4.102000713348389
1030,2.8752381801605225,2.8519585132598877,2.878708600997925,2.9029862880706787,3.029986858,4.123246192932129
1035,2.8792386054992676,2.8478057384490967,2.877105474472046,2.8925728797912598,3.020711898803711,4.130681037902832
1040,2.8608338832855225,2.8453710079193115,2.8754782676696777,2.891117572784424,3.0242369174957275,4.143293380737305
1045,2.855473279953003,2.845186471939087,2.874246359,2.8928747177124023,3.023444414138794,4.1545000076293945
1050,2.8516721725463867,2.8419790267944336,2.9071385860443115,2.8894400596618652,3.0349907875061035,4.165180206298828
1055,2.8502001762390137,2.8436009883880615,2.885061502456665,2.889864444732666,3.0296568870544434,4.178504467010498
1060,2.8465874195098877,2.841412067,2.8772125244140625,2.891212224960327,3.026872396469116,4.192201137542725
1065,2.843858003616333,2.833317279815674,2.8660337924957275,2.886653184890747,3.031054735183716,4.208247184753418
1070,2.844738245010376,2.832900285720825,2.865133047103882,2.884549379348755,3.0283937454223633,4.212060928344727
1075,2.846181869506836,2.8320231437683105,2.8656327724456787,2.8829338550567627,3.032869338989258,4.2322492599487305
1080,2.845224618911743,2.836867570877075,2.8646697998046875,2.883690118789673,3.024869441986084,4.243444442749023
1085,2.8420634269714355,2.8313517570495605,2.8607430458068848,2.884861946105957,3.030750274658203,4.255186557769775
1090,2.839592456817627,2.8304495811462402,2.858748435974121,2.8810722827911377,3.036149263381958,4.272432804107666
1095,2.8346426486968994,2.825955629348755,2.856297492980957,2.8819515705108643,3.0280566215515137,4.271068572998047
1100,2.838388204574585,2.824592113494873,2.8613271713256836,2.8833320140838623,3.0325841903686523,4.306882858276367
1105,2.8298187255859375,2.8180785179138184,2.8565735816955566,2.874282121658325,3.0321125984191895,4.2929511070251465
1110,2.8345277309417725,2.820598602294922,2.8757340908050537,2.8755311965942383,3.0329182147979736,4.318933010101318
1115,2.831983804702759,2.8281848430633545,2.863741397857666,2.8843324184417725,3.0404534339904785,4.331901550292969
1120,2.8264248371124268,2.821671485900879,2.8494608402252197,2.870065450668335,3.0334525108337402,4.336798667907715
1125,2.8303945064544678,2.8194634914398193,2.8508408069610596,2.8729872703552246,3.0329976081848145,4.355095863342285
1130,2.8266797065734863,2.815495729446411,2.846158742904663,2.8728206157684326,3.038832664489746,4.369845867156982
1135,2.826819896697998,2.811685085296631,2.847313404083252,2.8720781803131104,3.0364644527435303,4.385465621948242
1140,2.824389934539795,2.8152730464935303,2.8437063694000244,2.869100809,3.028825521469116,4.393492698669434
1145,2.8184821605682373,2.809290647506714,2.850663661956787,2.8677446842193604,3.0373587608337402,4.407382965087891
1150,2.8164844512939453,2.807047128677368,2.844046115875244,2.866694211959839,3.0400285720825195,4.4161906242370605
1155,2.814216375350952,2.8028807640075684,2.838834285736084,2.864846945,3.0386173725128174,4.421004295349121
1160,2.8132290840148926,2.8033411502838135,2.8375625610351562,2.862703323364258,3.041537046432495,4.445120811462402
1165,2.8142635822296143,2.8023924827575684,2.8388805389404297,2.8657639026641846,3.0457282066345215,4.454155445098877
1170,2.8163750171661377,2.802936077,2.8351211547851562,2.863455057144165,3.047379732131958,4.473595142364502
1175,2.8074872493743896,2.797600269317627,2.8360931873321533,2.858844757080078,3.0351510047912598,4.483050823
1180,2.8105685710906982,2.7989113330841064,2.8390088081359863,2.8652262687683105,3.0312323570251465,4.501620292663574
1185,2.8093509674072266,2.798919677734375,2.834927797317505,2.860713481903076,3.0422897338867188,4.510640621185303
1190,2.805236577987671,2.7936720848083496,2.832308530807495,2.8582005500793457,3.044307231903076,4.530626297
1195,2.807142972946167,2.7930760383605957,2.832815170288086,2.859626531600952,3.0438506603240967,4.536175251
1200,2.807300329208374,2.7938849925994873,2.8289437294006348,2.8678431510925293,3.0409562587738037,4.548726558685303
1205,2.8022258281707764,2.793008804321289,2.8266639709472656,2.8599159717559814,3.048541546,4.561296463012695
1210,2.8044655323028564,2.7932426929473877,2.830763101577759,2.8603010177612305,3.050407886505127,4.581315517425537
1215,2.805526018,2.7875659465789795,2.8245530128479004,2.857426643371582,3.0520873069763184,4.595560550689697
1220,2.8033673763275146,2.802717685699463,2.8231301307678223,2.858644723892212,3.057145833969116,4.592215538024902
1225,2.800191640853882,2.7925257682800293,2.8242485523223877,2.8594553470611572,3.0592193603515625,4.618087291717529
1230,2.7937798500061035,2.7885584831237793,2.820797920227051,2.8562259674072266,3.046215772628784,4.636826515197754
1235,2.794046164,2.784184217453003,2.823958396911621,2.8572096824645996,3.0545547008514404,4.647066593170166
1240,2.793069839477539,2.778038979,2.823050022125244,2.8496315479278564,3.0510332584381104,4.658050060272217
1245,2.7919082641601562,2.778290271759033,2.8289172649383545,2.8548507690429688,3.055957317352295,4.675164699554443
1250,2.791139841079712,2.778113365,2.8231053352355957,2.849576473236084,3.0626513957977295,4.691216468811035
1255,2.791501522064209,2.782438039779663,2.817053795,2.8471360206604004,3.053863286972046,4.695403575897217
1260,2.791857957839966,2.779449939727783,2.818091393,2.856095076,3.0503287315368652,4.708456516265869
1265,2.7917518615722656,2.7752199172973633,2.8170998096466064,2.849848508834839,3.050398349761963,4.733007907867432
1270,2.792083978652954,2.774165391921997,2.814915418624878,2.8483591079711914,3.0674355030059814,4.740702152252197
1275,2.7827236652374268,2.766763687133789,2.8122551441192627,2.850445032119751,3.0603768825531006,4.758696079
1280,2.788447856903076,2.7719645500183105,2.8141984939575195,2.8452906608581543,3.0896499156951904,4.767505645751953
1285,2.784926652908325,2.7729296684265137,2.8134818077087402,2.847717523574829,3.069927930831909,4.793729305267334
1290,2.7813961505889893,2.771634817123413,2.8102660179138184,2.8472707271575928,3.063633680343628,4.799776554107666
1295,2.7787201404571533,2.7643280029296875,2.8080732822418213,2.845958948135376,3.069077491760254,4.800005912780762
1300,2.7786738872528076,2.7652857303619385,2.8094375133514404,2.8514492511749268,3.0669896602630615,4.828721046447754
1305,2.775435209274292,2.760924816131592,2.804281473,2.840402603149414,3.057265043258667,4.832866668701172
1310,2.7784533500671387,2.7679524421691895,2.8115122318267822,2.850656509399414,3.080836534500122,4.863524913787842
1315,2.774481773376465,2.7616093158721924,2.8047471046447754,2.8469839096069336,3.070028066635132,4.859855651855469
1320,2.777674436569214,2.758411407470703,2.8074748516082764,2.840872049331665,3.0667824745178223,4.881062030792236
1325,2.7750167846679688,2.7619903087615967,2.805628538131714,2.844277858734131,3.073528289794922,4.902249813079834
1330,2.7726008892059326,2.7603423595428467,2.807264566421509,2.8429653644561768,3.072469711303711,4.912471771240234
1335,2.7737345695495605,2.756704807281494,2.803431510925293,2.8436529636383057,3.076993465423584,4.919250965118408
1340,2.7680745124816895,2.7550690174102783,2.7987470626831055,2.8405849933624268,3.0766210556030273,4.9445295333862305
1345,2.774939537,2.8395917415618896,2.799896240234375,2.843796491622925,3.079754114151001,4.942354202270508
1350,2.7701711654663086,2.828625202178955,2.798957586288452,2.8520848751068115,3.0759894847869873,4.967449665
1355,2.766181707382202,2.7897112369537354,2.794255256652832,2.8368239402770996,3.0743472576141357,4.977235317230225
1360,2.763880491256714,2.7759318351745605,2.796170473098755,2.8379361629486084,3.0858404636383057,4.9957098960876465
1365,2.7628939151763916,2.761662483215332,2.7952518463134766,2.837745189666748,3.081836462020874,5.005217552185059
1370,2.7666268348693848,2.7562453746795654,2.7965152263641357,2.8347437381744385,3.0905566215515137,5.025946140289307
1375,2.7622580528259277,2.7499899864196777,2.7973151206970215,2.838308572769165,3.093385696411133,5.030270099639893
1380,2.7617404460906982,2.748793840408325,2.794360876083374,2.8447329998016357,3.092358112335205,5.046584129333496
1385,2.7579193115234375,2.741779327392578,2.791705369949341,2.8353123664855957,3.099337577819824,5.072387218475342
1390,2.765429735183716,2.747990846633911,2.7929868698120117,2.844133138656616,3.0947201251983643,5.079736709594727
1395,2.762704610824585,2.7481577396392822,2.7924082279205322,2.8406200408935547,3.1063530445098877,5.1005425453186035
1400,2.7571096420288086,2.7426774501800537,2.793227195739746,2.833465099334717,3.0974271297454834,5.114828109741211
1405,2.7634055614471436,2.7416012287139893,2.794517755508423,2.834028959274292,3.0899879932403564,5.123410701751709
1410,2.758537769317627,2.741058588027954,2.7913269996643066,2.837630271911621,3.101078987121582,5.144089221954346
1415,2.758105754852295,2.745410442352295,2.789694071,2.841980218887329,3.1001336574554443,5.163687229156494
1420,2.760343074798584,2.7443132400512695,2.7893025875091553,2.838390588760376,3.103248357772827,5.1783270835876465
1425,2.7543628215789795,2.7377915382385254,2.788357973098755,2.8347768783569336,3.0978264808654785,5.178312778
1430,2.7515804767608643,2.737879514694214,2.7845959663391113,2.8322463035583496,3.103641986846924,5.200160026550293
1435,2.7513978481292725,2.7376015186309814,2.785860061645508,2.8329524993896484,3.0995211601257324,5.214603424072266
1440,2.7511541843414307,2.7396068572998047,2.784006118774414,2.840332031,3.108480215072632,5.225234031677246
1445,2.752664089202881,2.7366533279418945,2.782348633,2.8360934257507324,3.1074931621551514,5.239233971
1450,2.7481119632720947,2.7332828044891357,2.7845637798309326,2.8330485820770264,3.1229424476623535,5.256178379058838
1455,2.7476894855499268,2.739095449447632,2.779782295227051,2.835646152496338,3.134427070617676,5.270829200744629
1460,2.7540996074676514,2.7358152866363525,2.7844655513763428,2.836789608001709,3.1188180446624756,5.296791076660156
1465,2.7459616661071777,2.728956460952759,2.777688503265381,2.8339943885803223,3.1247775554656982,5.297850608825684
1470,2.7447762489318848,2.732687473297119,2.7787718772888184,2.836637258529663,3.125516653060913,5.320305824279785
1475,2.7441272735595703,2.730846881866455,2.781143904,2.830927610397339,3.123570203781128,5.332314491271973
1480,2.7435359954833984,2.7308807373046875,2.7778666019439697,2.8379979133605957,3.1202893257141113,5.3417887687683105
1485,2.746107339859009,2.730170726776123,2.7813098430633545,2.839839458465576,3.1235618591308594,5.363203525543213
1490,2.7436254024505615,2.725928544998169,2.7771551609039307,2.829850673675537,3.130662441253662,5.3780131340026855
1495,2.737870693206787,2.723411798477173,2.777420759,2.829157829284668,3.1261584758758545,5.390539646148682
1500,2.7416326999664307,2.726236581802368,2.778341770172119,2.839228391647339,3.1439337730407715,5.409608840942383
1505,2.740560531616211,2.7235841751098633,2.7770729064941406,2.8331105709075928,3.1467015743255615,5.434560298919678
1510,2.742500066757202,2.7255403995513916,2.778470277786255,2.8384206295013428,3.1359426975250244,5.4381303787231445
1515,2.7385783195495605,2.7214505672454834,2.7701737880706787,2.8313567638397217,3.133385419845581,5.447177886962891
1520,2.7397396564483643,2.726135492324829,2.7732114791870117,2.8307244777679443,3.131009340286255,5.474700927734375
1525,2.738668918609619,2.722106934,2.7736222743988037,2.8317408561706543,3.146577835083008,5.4969987869262695
1530,2.740020751953125,2.7235939502716064,2.7745516300201416,2.830202102661133,3.144739866256714,5.503414630889893
1535,2.7375576496124268,2.716644763946533,2.7720162868499756,2.831965684890747,3.1361067295074463,5.517436981201172
1540,2.729614019393921,2.713623285293579,2.7708568572998047,2.834751605987549,3.1417698860168457,5.525183678
1545,2.7411530017852783,2.7199389934539795,2.7693278789520264,2.8309872150421143,3.1478915214538574,5.5413360595703125
1550,2.738870620727539,2.721003293991089,2.774615526199341,2.8391594886779785,3.1544442176818848,5.561061859130859
1555,2.7364859580993652,2.716383218765259,2.7707722187042236,2.838404655456543,3.1551015377044678,5.577192783355713
1560,2.735602617263794,2.7159371376037598,2.7738351821899414,2.836141586303711,3.168473005,5.597552776
1565,2.7354185581207275,2.7139341831207275,2.7722275257110596,2.8395981788635254,3.156876564025879,5.615575313568115
1570,2.730989933013916,2.711860418319702,2.766528367996216,2.837193250656128,3.158474922180176,5.622838497161865
1575,2.7259750366210938,2.7105801105499268,2.767627000808716,2.832139253616333,3.1633646488189697,5.6306047439575195
1580,2.7277424335479736,2.7127091884613037,2.768573760986328,2.830186128616333,3.1695239543914795,5.664396286010742
1585,2.730281114578247,2.714596748352051,2.769906759262085,2.835092306137085,3.1767830848693848,5.677057743
1590,2.7261505126953125,2.7092463970184326,2.768174886703491,2.839211940765381,3.1613857746124268,5.678304672241211
1595,2.7260406017303467,2.7096304893493652,2.764446973800659,2.8344967365264893,3.1712868213653564,5.700304031
1600,2.7253665924072266,2.709801197052002,2.769416093826294,2.8334336280822754,3.186622381210327,5.717919826507568
1605,2.731377601623535,2.708388328552246,2.7676987648010254,2.8381412029266357,3.1756198406219482,5.737942695617676
1610,2.7266955375671387,2.707430362701416,2.7675275802612305,2.834627628326416,3.1948065757751465,5.751862525939941
1615,2.7267165184020996,2.707484245300293,2.7690892219543457,2.8427951335906982,3.177968978881836,5.7635955810546875
1620,2.7233431339263916,2.7030649185180664,2.763342857,2.8342788219451904,3.1728358268737793,5.778318881988525
1625,2.7256810665130615,2.705047369003296,2.766507863998413,2.8296561241149902,3.188920259475708,5.789588451385498
1630,2.729682207107544,2.7053310871124268,2.767709970474243,2.837857723236084,3.1932952404022217,5.811800956726074
1635,2.726020097732544,2.7041940689086914,2.771136999130249,2.8424596786499023,3.1892189979553223,5.834029674530029
1640,2.727559804916382,2.706374406814575,2.767022132873535,2.840930700302124,3.189058542251587,5.853065490722656
1645,2.724449872970581,2.7003302574157715,2.7645933628082275,2.8375096321105957,3.1932873725891113,5.854646206
1650,2.7241628170013428,2.7023119926452637,2.7649362087249756,2.834449529647827,3.206437826156616,5.871877670288086
1655,2.7352445125579834,2.7022368907928467,2.7618250846862793,2.8351757526397705,3.197526216506958,5.886168479919434
1660,2.7242672443389893,2.698960542678833,2.767214775085449,2.8373169898986816,3.1904618740081787,5.908629417419434
1665,2.7186336517333984,2.697899580001831,2.763540267944336,2.837628126144409,3.183234930038452,5.918758392333984
1670,2.7196743488311768,2.701089382171631,2.7617454528808594,2.835883855819702,3.2167952060699463,5.935304164886475
1675,2.7178473472595215,2.699172019958496,2.7648911476135254,2.8400468826293945,3.2055513858795166,5.9517316818237305
1680,2.715284824371338,2.696988344192505,2.7640111446380615,2.847396135,3.208876848220825,5.972943305969238
1685,2.720212936401367,2.6956918239593506,2.7586607933044434,2.841860533,3.210768222808838,5.983139991760254
1690,2.718092441558838,2.6948940753936768,2.7627227306365967,2.835951805114746,3.2129483222961426,5.990777492523193
1695,2.721487045288086,2.695708751678467,2.7628254890441895,2.8407187461853027,3.2186343669891357,6.023941516876221
1700,2.7173476219177246,2.6949756145477295,2.759535074234009,2.8370707035064697,3.206606627,6.027094364
1705,2.7128803730010986,2.6882569789886475,2.7605679035186768,2.833406448364258,3.2190611362457275,6.040375709533691
1710,2.71661377,2.694525957107544,2.762234687805176,2.8398163318634033,3.248457908630371,6.065846920013428
1715,2.7141518592834473,2.694075345993042,2.761023521,2.836216688156128,3.237213134765625,6.077763557434082
1720,2.7132415771484375,2.6867313385009766,2.7592782974243164,2.843703508377075,3.2289962768554688,6.091902256011963
1725,2.712641954421997,2.6926491260528564,2.7585973739624023,2.8369157314300537,3.2206649780273438,
1730,2.7157235145568848,2.6897783279418945,2.7570724487304688,2.8349359035491943,3.2279462814331055,
1735,2.7164103984832764,2.690511465072632,2.758404493331909,2.8460116386413574,3.2254512310028076,
1740,2.7109439373016357,2.690389633178711,2.759775400161743,2.8425891399383545,3.228196859359741,
1745,2.711442232131958,2.689009189605713,2.757148027420044,2.843461275100708,3.258898973464966,
1750,2.7140913009643555,2.6865010261535645,2.7607741355895996,2.8478329181671143,3.259930372238159,
1755,2.712904930114746,2.6844043731689453,2.7546184062957764,2.839212179,3.2514731884002686,
1760,2.7114248275756836,2.6840016841888428,2.7564237117767334,2.841195821762085,3.2478644847869873,
1765,2.7111592292785645,2.6830263137817383,2.7572145462036133,2.839768409729004,3.2731614112854004,
1770,2.7097299098968506,2.6830639839172363,2.761439800262451,2.8369357585906982,3.259887695,
1775,2.704803466796875,2.682752847671509,2.7585344314575195,2.8431622982025146,3.2536721229553223,
1780,2.706818103790283,2.6842312812805176,2.7526533603668213,2.840585947036743,3.2561073303222656,
1785,2.710526466369629,2.6873679161071777,2.763073205947876,2.8457703590393066,3.2793750762939453,
1790,2.7060601711273193,2.6822729110717773,2.758028030395508,2.839989185333252,3.2802164554595947,
1795,2.712057352,2.684258460998535,2.762387275695801,2.8475842475891113,3.2733895778656006,
1800,2.7087156772613525,2.6823174953460693,2.7579872608184814,2.8480374813079834,3.2871475219726562,
1805,2.703592300415039,2.6765799522399902,2.7555110454559326,2.849911689758301,3.266422748565674,
1810,2.7078022956848145,2.6800949573516846,2.7536468505859375,2.843445301055908,3.2859370708465576,
1815,2.705733538,2.681649684906006,2.7516651153564453,2.8485169410705566,3.2877395153045654,
1820,2.7081925868988037,2.681389570236206,2.758326530456543,2.853980541229248,3.2914721965789795,
1825,2.702845811843872,2.677640199661255,2.7545766830444336,2.8453145027160645,3.2959420680999756,
1830,2.7088680267333984,2.6795449256896973,2.7525458335876465,2.8516128063201904,3.2967238426208496,
1835,2.7069125175476074,2.680473804473877,2.755427598953247,2.854567050933838,3.2847955226898193,
1840,2.6987617015838623,2.6735692024230957,2.7538375854492188,2.8493704795837402,3.290588617324829,
1845,2.7070202827453613,2.677846908569336,2.7560739517211914,2.8581578731536865,3.3004117012023926,
1850,2.703458547592163,2.676398754119873,2.752610206604004,2.8640387058258057,3.3013978004455566,
1855,2.699414014816284,2.6732733249664307,2.7492594718933105,2.8528618812561035,3.300088405609131,
1860,2.700850009918213,2.671259641647339,2.7486979961395264,2.8449020385742188,3.313006878,
1865,2.704979419708252,2.6747541427612305,2.7551045417785645,2.8609023094177246,3.3063607215881348,
1870,2.6983869075775146,2.673804283,2.753953456878662,2.8498828411102295,3.337904691696167,
1875,2.698420286178589,2.6705739498138428,2.7487149238586426,2.845921754837036,3.322571277618408,
1880,2.706494092941284,2.678152561187744,2.751528263092041,2.856904983520508,3.3168249130249023,
1885,2.7009878158569336,2.6720468997955322,2.747164249420166,2.851717710494995,3.311981678009033,
1890,2.702564239501953,2.671570062637329,2.7528488636016846,2.8590099811553955,3.3312222957611084,
1895,2.69720459,2.6691362857818604,2.7488489151000977,2.853156805038452,3.335348368,
1900,2.696687698364258,2.6685376167297363,2.7572407722473145,2.849926710128784,3.3469622135162354,
1905,2.7003438472747803,2.6679575443267822,2.7545132637023926,2.855149745941162,3.328942299,
1910,2.6996450424194336,2.6709766387939453,2.751613140106201,2.8599231243133545,3.3444573879241943,
1915,2.697357654571533,2.6687397956848145,2.756485701,2.856961488723755,3.3462135791778564,
1920,2.700955390930176,2.6708130836486816,2.7544472217559814,2.8596181869506836,3.3470394611358643,
1925,2.695275068283081,2.667797088623047,2.7522974014282227,2.8583450317382812,3.3340394496917725,
1930,2.7022876739501953,2.674203872680664,2.7588586807250977,2.8635034561157227,3.346609592437744,
1935,2.7013065814971924,2.667924642562866,2.751160144805908,2.8640546798706055,3.3654696941375732,
1940,2.6986958980560303,2.6654748916625977,2.752779006958008,2.8535983562469482,3.353374958,
1945,2.7013566493988037,2.667182683944702,2.7556936740875244,2.8619587421417236,3.3718197345733643,
1950,2.695726156234741,2.6659650802612305,2.7518579959869385,2.8668980598449707,3.3729569911956787,
1955,2.6931862831115723,2.6678566932678223,2.753816604614258,2.854667901992798,3.378357172012329,
1960,2.697856903076172,2.6643974781036377,2.7565393447875977,2.864276885986328,3.367605447769165,
1965,2.6993050575256348,2.665327548980713,2.751028060913086,2.8628106117248535,3.3612160682678223,
1970,2.6968209743499756,2.6642770767211914,2.7535927295684814,2.8677661418914795,3.386315107345581,
1975,2.697789192199707,2.663757801055908,2.7549219131469727,2.866088867,3.378251552581787,
1980,2.6962215900421143,2.660151720046997,2.7511260509490967,2.8623545169830322,3.381808280944824,
1985,2.6981022357940674,2.6633920669555664,2.7540700435638428,2.8683836460113525,3.3918192386627197,
1990,2.695237874984741,2.6642982959747314,2.749882221221924,2.8693668842315674,3.4049458503723145,
1995,2.7000584602355957,2.665592908859253,2.7586112022399902,2.8749217987060547,3.399538755,
2000,2.691044330596924,2.6631991863250732,2.7536258697509766,2.8686087131500244,3.3980579376220703,
2005,2.6917274,2.659748077392578,2.7578721046447754,2.8726699352264404,3.4133799076080322,
2010,2.690142869949341,2.657827615737915,2.748812198638916,2.865600586,3.4036061763763428,
2015,2.6959116458892822,2.6598706245422363,2.753453493118286,2.869617462158203,3.3883540630340576,
2020,2.6925904750823975,2.664252281188965,2.7605910301208496,2.879167079925537,3.421910524368286,
2025,2.6933085918426514,2.658834218978882,2.754218101501465,2.8635854721069336,3.4286468029022217,
2030,2.692591428756714,2.65527606,2.7496330738067627,2.8756775856018066,3.3975367546081543,
2035,2.6928436756134033,2.6579160690307617,2.7529983520507812,2.8712549209594727,3.4296810626983643,
2040,2.692127227783203,2.6580991744995117,2.7531051635742188,2.8704755306243896,3.4091174602508545,
2045,2.6961004734039307,2.6602416038513184,2.757739543914795,2.8768086433410645,3.4368128776550293,
2050,2.695081949234009,2.663288116455078,2.7578535079956055,2.8785018920898438,3.4375171661376953,
2055,2.693885326385498,2.658806562423706,2.754134417,2.8711965084075928,3.4320244789123535,
2060,2.690291166305542,2.6568570137023926,2.7511234283447266,2.8795666694641113,3.4393157958984375,
2065,2.6931138038635254,2.661090374,2.756566286087036,2.8886985778808594,3.4269158840179443,
2070,2.69587779,2.659736394882202,2.754814863204956,2.887356996536255,3.450101137161255,
2075,2.6961519718170166,2.6573216915130615,2.7568628787994385,2.8769290447235107,3.4628708362579346,
2080,2.6913974285125732,2.6537461280822754,2.7541682720184326,2.893829107284546,3.448287010192871,
2085,2.6939525604248047,2.6618034839630127,2.759622573852539,2.881204128265381,3.4661717414855957,
2090,2.6896934509277344,2.652390480041504,2.7556984424591064,2.892388105392456,3.468524456,
2095,2.6947438716888428,2.6531460285186768,2.7599563598632812,2.8924782276153564,3.4676766395568848,
2100,2.688058376312256,2.653428792953491,2.7510576248168945,2.8829479217529297,3.4696292877197266,
2105,2.6887991428375244,2.6508491039276123,2.7476694583892822,2.880312442779541,3.435692071914673,
2110,2.685837984085083,2.652319908,2.7542665004730225,2.882100820541382,3.4744045734405518,
2115,2.694242477416992,2.6547110080718994,2.7582554817199707,2.891766309738159,3.480306864,
2120,2.6909117698669434,2.6521267890930176,2.757415294647217,2.887190818786621,3.4898462295532227,
2125,2.694582462310791,2.655222177505493,2.7556886672973633,2.8987696170806885,3.4882895946502686,
2130,2.6864824295043945,2.649252176,2.753803253173828,2.8891255855560303,3.482008457183838,
2135,2.690509319,2.6571662425994873,2.7605302333831787,2.895132541656494,3.4957096576690674,
2140,2.6896302700042725,2.653430700302124,2.7571985721588135,2.8956024646759033,3.4980480670928955,
2145,2.688697099685669,2.6516506671905518,2.754816770553589,2.892575502,3.5070695877075195,
2150,2.6882848739624023,2.6531238555908203,2.760852813720703,2.8977606296539307,3.500213623046875,
2155,2.687839984893799,2.649930715560913,2.7612226009368896,2.8956353664398193,3.483346939086914,
2160,2.686483383178711,2.6484382152557373,2.759542704,2.8966867923736572,3.5077269077301025,
2165,2.6959846019744873,2.649658441543579,2.756941795349121,2.9020566940307617,3.5000133514404297,
2170,2.686958074569702,2.6472458839416504,2.759903669,2.8911890983581543,3.506027936935425,
2175,2.6866188049316406,2.649712562561035,2.764756202697754,2.904707670211792,3.5244429111480713,
2180,2.6941628456115723,2.654151201248169,2.7636711597442627,2.9067790508270264,3.5364909172058105,
2185,2.6909236907958984,2.649639606,2.7624974250793457,2.905513048171997,3.5311005115509033,
2190,2.6923327445983887,2.652001142501831,2.7593274116516113,2.900218963623047,3.5257668495178223,
2195,2.687866211,2.6483447551727295,2.7585010528564453,2.9095475673675537,3.5342299938201904,
2200,2.692901611328125,2.6512153148651123,2.7630863189697266,2.909642219543457,3.5303173065185547,
2205,2.686481475830078,2.6445348262786865,2.762965679168701,2.8995819091796875,3.5419657230377197,
2210,2.690655469894409,2.646346092224121,2.7609331607818604,2.9082939624786377,3.5472450256347656,
2215,2.6875975131988525,2.6475963592529297,2.7586100101470947,2.904500961303711,3.5454483032226562,
2220,2.6869401931762695,2.6470985412597656,2.758993387,2.908764600753784,3.5487139225006104,
2225,2.6876001358032227,2.649623394012451,2.764096975326538,2.9241294860839844,3.573610544204712,
2230,2.6865835189819336,2.645801305770874,2.7646989822387695,2.905809164047241,3.555394172668457,
2235,2.6868948936462402,2.645177125930786,2.758821487426758,2.9132847785949707,3.5700979232788086,
2240,2.6874289512634277,2.6494438648223877,2.7663469314575195,2.9193811416625977,3.5814216136932373,
2245,2.6909914016723633,2.650113821029663,2.7654504776000977,2.9118192195892334,3.585775375366211,
2250,2.6879711151123047,2.6467318534851074,2.7618441581726074,2.919436454772949,3.5849626064300537,
2255,2.691221237182617,2.649044990539551,2.7722067832946777,2.9146621227264404,3.588135004043579,
2260,2.687533378601074,2.6433732509613037,2.768181562423706,2.921574592590332,3.5845959186553955,
2265,2.6869571208953857,2.645495653152466,2.7591207027435303,2.9163594245910645,3.5820610523223877,
2270,2.690419912338257,2.646203041,2.768575429916382,2.9127466678619385,3.610285758972168,
2275,2.6934990882873535,2.6461212635040283,2.7676076889038086,2.913987636566162,3.6046712398529053,
2280,2.6911399364471436,2.6442878246307373,2.7668352127075195,2.9282443523406982,3.5806615352630615,
2285,2.6882333755493164,2.644257068634033,2.7650506496429443,2.910896062850952,3.6259312629699707,
2290,2.689648389816284,2.6479616165161133,2.7726500034332275,2.9366185665130615,3.6081314086914062,
2295,2.6898605823516846,2.6410627365112305,2.764697313308716,2.9176981449127197,3.6270298957824707,
2300,2.68691349,2.6442103385925293,2.767090082168579,2.922977924346924,3.6191415786743164,
2305,2.6867172718048096,2.644212484359741,2.7672111988067627,2.9265921115875244,3.619211196899414,
2310,2.686897039413452,2.6448733806610107,2.7616121768951416,2.933859348297119,3.6220345497131348,
2315,2.689758062362671,2.642479419708252,2.775606155395508,2.9315764904022217,3.6266584396362305,
2320,2.6907739639282227,2.642474651,2.760449171066284,2.931528329849243,3.642735004425049,
2325,2.6896231174468994,2.644660472869873,2.773660182952881,2.9325993061065674,3.6480133533477783,
2330,2.693028688430786,2.645949602127075,2.7712013721466064,2.9370009899139404,3.6536457538604736,
2335,2.6883645057678223,2.6393215656280518,2.7636334896087646,2.926764726638794,3.6449191570281982,
2340,2.6912975311279297,2.643627643585205,2.773299456,2.9362988471984863,3.6725428104400635,
2345,2.6903116703033447,2.6440768241882324,2.7700302600860596,2.936892509460449,3.655280351638794,
2350,2.6888341903686523,2.641953468322754,2.7737369537353516,2.9421286582946777,3.6620559692382812,
2355,2.6910507678985596,2.642723560333252,2.767688751220703,2.9330718517303467,3.6789114475250244,
2360,2.6856584548950195,2.6371583938598633,2.7706797122955322,2.941787004470825,3.6639060974121094,
2365,2.6879563331604004,2.640580654144287,2.768341541290283,2.937972068786621,3.6771621704101562,
2370,2.696031332015991,2.644805908203125,2.774073600769043,2.937323570251465,3.6802000999450684,
2375,2.689847707748413,2.640603781,2.777863025665283,2.9490346908569336,3.6737616062164307,
2380,2.6901042461395264,2.6425888538360596,2.7714953422546387,2.950092077255249,3.694838523864746,
2385,2.6918649673461914,2.6395070552825928,2.777228593826294,2.945697784423828,3.6737122535705566,
2390,2.6860406398773193,2.6401453018188477,2.772378444671631,2.9434289932250977,3.7107057571411133,
2395,2.6900205612182617,2.6410138607025146,2.776420831680298,2.9489712715148926,3.6887552738189697,
2400,2.688729763031006,2.6416666507720947,2.780914783477783,2.948181390762329,3.716042995452881,
2405,2.6907689571380615,2.6429009437561035,2.7767441272735596,2.9497883319854736,3.695006847381592,
2410,2.6884994506835938,2.6404526233673096,2.7772419452667236,2.9546914100646973,3.715148448944092,
2415,2.691344976425171,2.6409590244293213,2.775430679321289,2.955683946609497,3.7142858505249023,
2420,2.6880710124969482,2.640805959701538,2.7788209915161133,2.955111503601074,3.704205036,
2425,2.6954362392425537,2.6418521404266357,2.777441978,2.9595842361450195,3.7381551265716553,
2430,2.6897318363189697,2.638646364212036,2.7758469581604004,2.958172082901001,3.725930929,
2435,2.6936275959014893,2.6411631107330322,2.7789788246154785,2.9603466987609863,3.7281861305236816,
2440,2.6892662048339844,2.6403422355651855,2.776045799255371,2.950106620788574,3.749457359313965,
2445,2.6901652812957764,2.6396563053131104,2.7818658351898193,2.9655957221984863,3.729888677597046,
2450,2.688412666320801,2.638110876083374,2.778013229370117,2.953446626663208,3.7360894680023193,
2455,2.6954660415649414,2.643174648284912,2.782371997833252,2.971059799194336,3.757608413696289,
2460,2.6901867389678955,2.6385536193847656,2.783219337463379,2.9625637531280518,3.7521753311157227,
2465,,,,2.962442636489868,3.7477691173553467,
2470,,,,2.9610774517059326,3.7735981941223145,
2475,,,,2.9673781394958496,3.7521474361419678,
2480,,,,2.973997116088867,3.778937816619873,